date,volume,open,high,low,close,ma5,ma10,ma20,ma30,pe,market_capital,chg,percent,turnoverrate,amount,volume_post,amount_post,timestamp
20180305,31692932,5.6394,6.0337,5.5999,5.6788,5.5388,5.4974,5.5871,5.6216,32.55,7343138741.76,0.0889,1.59,3.82,184928124.62,,,1520179200000
20180306,18611437,5.6689,5.7971,5.5703,5.6394,5.5664,5.5112,5.5891,5.6131,32.3239,7292144722.72,-0.0392,-0.69,2.23,106928321.57,,,1520265600000
20180307,17252240,5.6492,5.7084,5.3534,5.383,5.5546,5.5003,5.5763,5.5933,30.8547,6960683598.96,-0.2566,-4.55,2.06,96777883.36,,,1520352000000
20180308,11843230,5.383,5.4422,5.2549,5.4027,5.5388,5.5023,5.5625,5.5736,30.9677,6986180608.48,0.0199,0.37,1.42,64272397.7,,,1520438400000
20180309,20754977,5.383,5.6689,5.3534,5.6591,5.5526,5.5181,5.5585,5.569,32.437,7317641732.24,0.2561,4.74,2.44,116695202.66,,,1520524800000
20180312,22858473,5.7478,5.8563,5.6689,5.7577,5.5684,5.5536,5.5531,5.5772,33.0021,7445126779.84,0.0985,1.74,2.74,133423517.84,,,1520784000000
20180313,25127658,5.7478,5.8957,5.6394,5.8563,5.6118,5.5891,5.5565,5.5878,33.5672,7572611827.44,0.0985,1.71,3.01,147292183.73,,,1520870400000
20180314,16224501,5.8168,5.9253,5.7182,5.7281,5.6808,5.6177,5.5516,5.5924,32.8325,7406881265.56,-0.1283,-2.19,1.94,95528264.26,,,1520956800000
20180315,13602243,5.6985,5.7182,5.521,5.6591,5.7321,5.6354,5.5467,5.5976,32.437,7317641732.24,-0.0687,-1.2,1.63,77523566.82,,,1521043200000
20180316,7003100,5.6394,5.6788,5.5703,5.5802,5.7163,5.6344,5.5556,5.5996,31.9849,7215653694.16,-0.0787,-1.39,0.83,40021151.0,,,1521129600000
20180319,9751314,5.6098,5.7084,5.521,5.6591,5.6966,5.6325,5.5649,5.6022,32.437,7317641732.24,0.0787,1.41,1.17,55767769.64,,,1521388800000
20180320,10880055,5.5901,5.6196,5.4422,5.5506,5.6354,5.6236,5.5674,5.6006,31.8153,7177408179.88,-0.1087,-1.92,1.29,60921686.65,,,1521475200000
20180321,9290200,5.5309,5.5999,5.4323,5.4323,5.5763,5.6285,5.5644,5.5937,31.1372,7024426122.76,-0.1182,-2.13,1.09,52136665.0,,,1521561600000
20180322,7191900,5.4323,5.4915,5.3732,5.4126,5.527,5.6295,5.5659,5.5848,31.0242,6998929113.24,-0.0196,-0.36,0.85,39638855.42,,,1521648000000
20180323,18567144,5.2253,5.2844,4.8704,4.8704,5.385,5.5506,5.5344,5.5559,27.9161,6297761351.44,-0.5424,-10.02,2.23,94936425.51,,,1521734400000
20180326,11280067,4.8211,4.8704,4.6337,4.8112,5.2154,5.456,5.5048,5.5207,27.5771,6221270322.88,-0.0589,-1.21,1.34,54629791.5,,,1521993600000
20180327,13404924,4.8999,5.0675,4.8605,4.9887,5.103,5.3692,5.4792,5.4941,28.5943,6450743408.56,0.1775,3.69,1.6,67623964.16,,,1522080000000
20180328,10788616,4.9295,5.0577,4.8901,4.9887,5.0143,5.2953,5.4565,5.4662,28.5943,6450743408.56,0.0,0.0,1.29,54613201.48,,,1522166400000
20180329,8258279,4.9985,5.0478,4.9788,5.0182,4.9354,5.2312,5.4333,5.4415,28.7638,6488988922.84,0.0294,0.59,0.99,42000117.19,,,1522252800000
20180330,12317805,5.0281,5.1464,5.0182,5.1365,4.9887,5.1868,5.4106,5.4326,29.4419,6641970979.96,0.1184,2.36,1.36,63628532.44,,,1522339200000
20180402,12631800,5.1267,5.2844,5.107,5.1661,5.0596,5.1375,5.385,5.4225,29.4079,6680216494.24,0.0298,0.58,1.52,66381917.0,,,1522598400000
20180403,9491260,5.0971,5.1267,4.9788,5.038,5.0695,5.0863,5.3549,5.407,28.6783,6514485932.36,-0.1281,-2.48,1.14,48581972.95,,,1522684800000
20180404,7118095,5.0774,5.0971,4.9394,4.9394,5.0596,5.037,5.3327,5.3886,28.1171,6387000884.76,-0.0987,-1.96,0.86,36255342.96,,,1522771200000
20180409,7640575,4.8999,4.9887,4.8211,4.9196,5.0399,4.9877,5.3086,5.3732,28.0048,6361503875.24,-0.0198,-0.4,0.92,38025286.31,,,1523203200000
20180410,6993668,4.9591,4.9591,4.8408,4.9098,4.9946,4.9916,5.2711,5.3535,27.9487,6348755370.48,-0.0098,-0.2,0.84,34742427.87,,,1523289600000
20180411,8194256,4.9492,5.0478,4.8506,4.9985,4.9611,5.0104,5.2332,5.34,28.4538,6463491913.32,0.0889,1.81,0.98,41310583.89,,,1523376000000
20180412,10627521,4.9887,5.0971,4.9591,5.0971,4.9729,5.0212,5.1952,5.3265,29.015,6590976960.92,0.0985,1.97,1.22,54121543.57,,,1523462400000
20180413,10263736,5.1365,5.1563,4.9985,5.0084,4.9867,5.0232,5.1592,5.312,28.5099,6476240418.08,-0.0887,-1.74,1.23,52728597.4,,,1523548800000
20180416,7379636,4.9887,5.0577,4.8901,4.9788,4.9985,5.0192,5.1252,5.2953,28.3416,6437994903.8,-0.0295,-0.59,0.88,37150639.77,,,1523808000000
20180417,7567600,4.9887,5.038,4.8408,4.8506,4.9867,4.9906,5.0887,5.2706,27.612,6272264341.92,-0.1279,-2.57,0.91,37822867.0,,,1523894400000
20180418,9995273,4.8802,4.9394,4.7028,4.9098,4.9689,4.965,5.0513,5.245,27.9487,6348755370.48,0.0592,1.22,1.2,49046890.27,,,1523980800000
20180419,7673313,4.8999,4.9394,4.8112,4.8605,4.9216,4.9472,5.0168,5.219,27.6681,6285012846.68,-0.0491,-1.0,0.93,37959968.09,,,1524067200000
20180420,7267496,4.8506,4.9196,4.7323,4.7323,4.8664,4.9265,4.9818,5.1973,26.9385,6119282284.8,-0.1283,-2.64,0.87,35305711.92,,,1524153600000
20180423,10197576,4.7028,4.8605,4.5943,4.7915,4.8289,4.9137,4.9507,5.177,27.2753,6195773313.36,0.0592,1.25,1.23,49117668.44,,,1524412800000
20180424,10811319,4.7619,4.8999,4.6337,4.8901,4.8368,4.9118,4.9517,5.1513,27.8365,6323258360.96,0.0987,2.06,1.28,52964739.44,,,1524499200000
20180425,19955805,4.9295,5.1168,4.8901,5.038,4.8625,4.9157,4.963,5.1274,28.6783,6514485932.36,0.1477,3.02,2.4,102122617.98,,,1524585600000
20180426,11905481,4.9887,5.0774,4.9591,4.9689,4.8842,4.9029,4.962,5.0978,28.2855,6425246399.04,-0.069,-1.37,1.43,60391365.25,,,1524672000000
20180427,7424681,4.9887,5.0577,4.9591,4.9985,4.9374,4.9019,4.9625,5.0734,28.4538,6463491913.32,0.0298,0.6,0.88,37690906.05,,,1524758400000
20180502,8861120,4.9887,5.0084,4.7915,4.8309,4.9453,4.8871,4.9532,5.0458,27.4998,6246767332.4,-0.1674,-3.35,1.07,44048637.04,,,1525190400000
20180503,6969749,4.8309,4.8901,4.7323,4.8704,4.9413,4.8891,4.9399,5.0222,27.7242,6297761351.44,0.0396,0.82,0.83,34036355.58,,,1525276800000
20180504,5990638,4.8408,4.9591,4.8408,4.8704,4.9078,4.8852,4.9251,4.9959,27.7242,6297761351.44,0.0,0.0,0.72,29745371.24,,,1525363200000
20180507,7287008,4.8999,4.9689,4.8309,4.9492,4.9039,4.894,4.9206,4.9758,28.1732,6399749389.52,0.0789,1.62,0.85,36434221.22,,,1525622400000
20180508,8215036,4.9492,5.0084,4.8999,5.0084,4.9059,4.9216,4.9241,4.9617,28.5099,6476240418.08,0.0594,1.2,0.98,41464075.16,,,1525708800000
20180509,7409243,4.9788,5.0577,4.9492,4.9788,4.9354,4.9404,4.927,4.9473,28.3416,6437994903.8,-0.0295,-0.59,0.88,37464897.64,,,1525795200000
20180510,15393690,4.9788,5.1858,4.9295,5.107,4.9828,4.962,4.9369,4.9551,29.0712,6603725465.68,0.128,2.57,1.84,79051263.28,,,1525881600000
20180511,12679038,5.0873,5.1464,4.9492,4.9591,5.0005,4.9542,4.9349,4.9601,28.2293,6412497894.28,-0.1481,-2.9,1.53,64534488.2,,,1525968000000
20180514,7487725,4.9591,5.0478,4.9196,4.9295,4.9966,4.9502,4.9266,4.9581,28.061,6374252380.0,-0.0298,-0.6,0.9,37726187.57,,,1526227200000
20180515,7687700,4.9394,4.9788,4.8605,4.9689,4.9887,4.9473,4.9246,4.9574,28.2855,6425246399.04,0.0394,0.8,0.92,38317248.0,,,1526313600000
20180516,5617700,4.9394,4.9689,4.8802,4.8999,4.9729,4.9542,4.9206,4.9535,27.8926,6336006865.72,-0.0691,-1.39,0.68,28041208.0,,,1526400000000
20180517,4738400,4.8901,4.9689,4.8309,4.8802,4.9275,4.9551,4.9221,4.945,27.7804,6310509856.2,-0.0196,-0.4,0.56,23494972.92,,,1526486400000
20180518,5823915,4.8999,4.9492,4.8112,4.9098,4.9177,4.9591,4.9221,4.9364,27.9487,6348755370.48,0.0298,0.61,0.7,28860088.45,,,1526572800000
20180521,7897204,4.9492,5.0084,4.9098,4.9788,4.9275,4.962,4.928,4.9344,28.3416,6437994903.8,0.0692,1.41,0.94,39841702.25,,,1526832000000
20180522,13305595,4.9887,5.0873,4.9492,5.0873,4.9512,4.9699,4.9458,4.9394,28.9589,6578228456.16,0.1085,2.18,1.57,67944527.46,,,1526918400000
20180523,9497253,5.0281,5.0873,4.9788,4.9985,4.9709,4.9719,4.9561,4.942,28.4538,6463491913.32,-0.0885,-1.74,1.14,48438983.99,,,1527004800000
20180524,19183281,5.0084,5.0774,4.7915,4.8013,4.9551,4.9413,4.9517,4.9384,27.3314,6208521818.12,-0.1969,-3.94,2.3,95825912.97,,,1527091200000
20180525,10203714,4.7915,4.8802,4.7225,4.7422,4.9216,4.9196,4.9369,4.9298,26.9947,6132030789.56,-0.0591,-1.23,1.23,49418082.09,,,1527177600000
20180528,7708104,4.752,4.8309,4.683,4.7323,4.8723,4.8999,4.9251,4.9177,26.9385,6119282284.8,-0.01,-0.21,0.92,37239192.56,,,1527436800000
20180529,6503100,4.7225,4.8013,4.683,4.7126,4.7974,4.8743,4.9108,4.9078,26.8263,6093785275.28,-0.0199,-0.42,0.78,31250526.8,,,1527523200000
20180530,11619300,4.6732,4.683,4.3577,4.3873,4.6751,4.823,4.8886,4.8881,24.9743,5673084618.2,-0.3252,-6.9,1.39,53565232.0,,,1527609600000
20180531,11282332,4.4563,4.5351,4.338,4.3971,4.5943,4.7747,4.8649,4.873,25.0304,5685833122.96,0.0097,0.22,1.36,50400945.04,,,1527696000000
20180601,8990392,4.3577,4.4267,4.2492,4.407,4.5273,4.7244,4.8418,4.8562,25.0865,5698581627.72,0.0097,0.22,1.09,39812084.24,,,1527782400000
20180604,6026300,4.3873,4.476,4.3478,4.3873,4.4583,4.6653,4.8137,4.8405,24.9743,5673084618.2,-0.0198,-0.45,0.73,26933204.0,,,1528041600000
20180605,7521740,4.3971,4.4859,4.3281,4.4563,4.407,4.6022,4.7861,4.8313,25.3671,5762324151.52,0.0689,1.57,0.9,33683073.24,,,1528128000000
20180606,6549236,4.4366,4.5351,4.3478,4.4464,4.4188,4.547,4.7594,4.8197,25.311,5749575646.76,-0.0098,-0.22,0.79,29569745.84,,,1528214400000
20180607,6484000,4.476,4.5056,4.3577,4.3774,4.4149,4.5046,4.723,4.8027,24.9181,5660336113.44,-0.0689,-1.55,0.78,29113470.0,,,1528300800000
20180608,8417292,4.3971,4.3971,4.2197,4.2492,4.3833,4.4553,4.6875,4.7764,24.1886,5494605551.56,-0.1283,-2.93,1.01,36730599.72,,,1528387200000
20180611,4109100,4.2295,4.2591,4.1901,4.2098,4.3478,4.403,4.6515,4.7511,23.9641,5443611532.52,-0.0395,-0.93,0.5,17607917.0,,,1528646400000
20180612,3792900,4.2098,4.269,4.1704,4.2394,4.3044,4.3557,4.615,4.7258,24.1324,5481857046.8,0.0295,0.7,0.45,16255590.0,,,1528732800000
20180613,7757900,4.2098,4.2394,4.0521,4.0521,4.2256,4.3222,4.5726,4.6998,23.0661,5239635456.36,-0.1874,-4.42,0.93,32558671.09,,,1528819200000
20180614,11276140,4.0521,4.0718,3.9239,3.9535,4.1408,4.2778,4.5263,4.6692,22.5049,5112150408.76,-0.0985,-2.43,1.36,45513081.2,,,1528905600000
20180615,11422940,3.9535,3.9732,3.7366,3.7464,4.0402,4.2118,4.4681,4.6318,21.3263,4844431808.8,-0.2072,-5.24,1.37,44314833.2,,,1528992000000
20180619,13480000,3.6478,3.7168,3.3718,3.3718,3.8726,4.1102,4.3878,4.5792,19.1937,4359988627.92,-0.3746,-10.0,1.62,48224922.0,,,1529337600000
20180620,12610865,3.3521,3.4211,3.2929,3.3619,3.6971,4.0008,4.3015,4.5243,19.1376,4347240123.16,-0.0098,-0.29,1.52,43102616.99,,,1529424000000
20180621,8934956,3.3718,3.4112,3.214,3.2239,3.5315,3.8785,4.2128,4.4658,18.3519,4168761056.52,-0.1382,-4.11,1.07,30058835.6,,,1529510400000
20180622,12032574,3.1845,3.3619,3.1647,3.3323,3.4073,3.774,4.1393,4.4066,18.9692,4308994608.88,0.1083,3.36,1.45,40389468.29,,,1529596800000
20180625,11054073,3.3422,3.4014,3.2929,3.3225,3.3225,3.6814,4.0683,4.3521,18.9131,4296246104.12,-0.01,-0.3,1.33,37552813.83,,,1529856000000
20180626,14330582,3.2831,3.4704,3.2535,3.4211,3.3323,3.6025,4.0028,4.3018,19.4743,4423731151.72,0.0987,2.97,1.73,49292857.23,,,1529942400000
20180627,11274266,3.4408,3.5197,3.4112,3.4309,3.3461,3.5216,3.9387,4.2505,19.5304,4436479656.48,0.0099,0.29,1.35,39582279.48,,,1530028800000
20180628,12744800,3.4408,3.5591,3.4211,3.4802,3.3974,3.4645,3.8933,4.2032,19.811,4500222180.28,0.0494,1.44,1.52,45352856.3,,,1530115200000
20180629,12565952,3.5,3.6183,3.4802,3.6084,3.4526,3.4299,3.8539,4.1608,20.5406,4665952742.16,0.1281,3.68,1.5,45422645.16,,,1530201600000
20180702,11110804,3.6281,3.638,3.4507,3.4802,3.4842,3.4033,3.8075,4.1132,19.209,4500222180.28,-0.1281,-3.55,1.33,39836654.0,,,1530460800000
20180703,10319724,3.4901,3.5985,3.4507,3.5985,3.5196,3.426,3.7681,4.0672,19.862,4653204237.4,0.1183,3.4,1.22,36981072.4,,,1530547200000
20180704,9721984,3.5887,3.5887,3.4704,3.4901,3.5315,3.4388,3.7198,4.0139,19.2634,4512970685.04,-0.1083,-3.01,1.16,34716387.24,,,1530633600000
20180705,8819300,3.4901,3.5197,3.3126,3.3225,3.4999,3.4487,3.6636,3.9581,18.3383,4296246104.12,-0.1675,-4.8,1.06,30610259.16,,,1530720000000
20180706,11362431,3.3816,3.4802,3.3323,3.4014,3.4585,3.4556,3.6148,3.9114,18.7736,4398234142.2,0.0787,2.37,1.35,39344001.45,,,1530806400000
20180709,8486312,3.4112,3.5,3.4112,3.4901,3.4605,3.4723,3.5769,3.8697,19.2634,4512970685.04,0.0888,2.61,1.01,29861924.36,,,1531065600000
20180710,11836900,3.63,3.67,3.54,3.56,3.4528,3.4862,3.5444,3.8306,19.3722,4538467694.56,0.07,2.01,1.42,42509932.0,,,1531152000000
20180711,15903529,3.4,3.44,3.29,3.4,3.4348,3.4831,3.5024,3.7868,18.5016,4334491618.4,-0.16,-4.49,1.9,53620425.6,,,1531238400000
20180712,13697263,3.39,3.56,3.39,3.56,3.4823,3.4911,3.4778,3.7593,19.3722,4538467694.56,0.16,4.71,1.59,47717511.0,,,1531324800000
20180713,9737634,3.51,3.54,3.46,3.49,3.5,3.4793,3.4546,3.729,18.9913,4449228161.24,-0.07,-1.97,1.17,33997157.16,,,1531411200000
20180716,11314925,3.45,3.58,3.45,3.56,3.514,3.4873,3.4453,3.7008,19.3722,4538467694.56,0.07,2.01,1.34,39846512.33,,,1531670400000
20180717,38849851,3.58,3.86,3.54,3.81,3.564,3.5084,3.4672,3.6815,20.7326,4857180313.56,0.25,7.02,4.66,145734221.0,,,1531756800000
20180718,22625119,3.78,3.81,3.66,3.66,3.616,3.5254,3.4821,3.655,19.9164,4665952742.16,-0.15,-3.94,2.71,83967569.92,,,1531843200000
20180719,14098578,3.65,3.69,3.54,3.56,3.616,3.5491,3.4989,3.6255,19.3722,4538467694.56,-0.1,-2.73,1.66,50822405.68,,,1531929600000
20180720,13030577,3.56,3.68,3.5,3.63,3.644,3.572,3.5138,3.6005,19.7531,4627707227.88,0.07,1.97,1.56,46852076.48,,,1532016000000
20180723,10339152,3.6,3.64,3.55,3.63,3.658,3.586,3.5292,3.5799,19.7531,4627707227.88,0.0,0.0,1.23,37259626.86,,,1532275200000
20180724,13710182,3.61,3.68,3.59,3.67,3.63,3.597,3.5416,3.5619,19.9708,4678701246.92,0.04,1.1,1.63,50005646.84,,,1532361600000
20180725,11496100,3.65,3.72,3.63,3.67,3.632,3.624,3.5536,3.5429,19.9708,4678701246.92,0.0,0.0,1.38,42232923.0,,,1532448000000
20180726,24405900,3.67,3.8,3.64,3.8,3.68,3.648,3.5696,3.5345,20.6782,4844431808.8,0.13,3.54,2.84,90969594.0,,,1532534400000
20180727,21386751,3.79,3.79,3.6,3.62,3.678,3.661,3.5701,3.5234,19.6987,4614958723.12,-0.18,-4.74,2.57,78693534.98,,,1532620800000
20180730,16124670,3.61,3.62,3.43,3.47,3.646,3.652,3.5696,3.5142,18.8825,4423731151.72,-0.15,-4.14,1.94,56536876.8,,,1532880000000
20180731,6611504,3.44,3.51,3.44,3.49,3.61,3.62,3.5642,3.5181,18.9913,4449228161.24,0.02,0.58,0.78,22991436.92,,,1532966400000
20180801,14117100,3.49,3.52,3.33,3.34,3.544,3.588,3.5567,3.5174,18.1751,4258000589.84,-0.15,-4.3,1.7,48531165.0,,,1533052800000
20180802,14915304,3.33,3.33,3.08,3.2,3.424,3.552,3.5506,3.5166,17.4132,4079521523.2,-0.14,-4.19,1.79,47934324.73,,,1533139200000
20180803,6659330,3.2,3.23,3.15,3.15,3.33,3.504,3.538,3.5105,17.1412,4015778999.4,-0.05,-1.56,0.8,21218214.07,,,1533225600000
20180806,9221679,3.17,3.21,3.09,3.11,3.258,3.452,3.519,3.5034,16.9235,3964784980.36,-0.04,-1.27,1.11,28908011.67,,,1533484800000
20180807,10597801,3.12,3.26,3.1,3.25,3.21,3.41,3.5035,3.4977,17.6853,4143264047.0,0.14,4.5,1.24,33777961.78,,,1533571200000
20180808,8486400,3.24,3.27,3.16,3.18,3.178,3.361,3.4925,3.4894,17.3044,4054024513.68,-0.07,-2.15,1.02,27348118.02,,,1533657600000
20180809,16807801,3.18,3.38,3.17,3.32,3.202,3.313,3.4805,3.484,18.0662,4232503580.32,0.14,4.4,2.02,55568097.27,,,1533744000000
20180810,7514717,3.31,3.37,3.29,3.35,3.242,3.286,3.4735,3.4754,18.2295,4270749094.6,0.03,0.9,0.89,24974412.78,,,1533830400000
20180813,18151100,3.28,3.47,3.26,3.37,3.294,3.276,3.464,3.4718,18.3383,4296246104.12,0.02,0.6,1.9,61459821.63,,,1534089600000
20180814,14614400,3.33,3.43,3.32,3.41,3.326,3.268,3.444,3.4655,18.556,4347240123.16,0.04,1.19,1.54,49464487.0,,,1534176000000
20180815,11263400,3.38,3.43,3.29,3.29,3.348,3.263,3.4255,3.4588,17.903,4194258066.04,-0.12,-3.52,1.19,37783501.0,,,1534262400000
20180816,28912467,3.27,3.59,3.23,3.44,3.372,3.287,3.4195,3.4627,18.7192,4385485637.44,0.15,4.56,3.01,99527036.98,,,1534348800000
20180817,38004303,3.43,3.72,3.41,3.52,3.406,3.324,3.414,3.4667,19.1546,4487473675.52,0.08,2.33,3.99,134924680.04,,,1534435200000
20180820,27161955,3.45,3.55,3.37,3.55,3.442,3.368,3.41,3.4687,19.3178,4525719189.8,0.03,0.85,2.57,93667007.6,,,1534694400000
20180821,30700642,3.51,3.67,3.45,3.55,3.47,3.398,3.404,3.4683,19.3178,4525719189.8,0.0,0.0,2.96,108846698.41,,,1534780800000
20180822,17996778,3.51,3.55,3.42,3.45,3.502,3.425,3.393,3.47,18.7736,4398234142.2,-0.1,-2.82,1.72,62849540.22,,,1534867200000
20180823,21587474,3.4,3.53,3.33,3.49,3.512,3.442,3.3775,3.4677,18.9913,4449228161.24,0.04,1.16,2.07,74200250.02,,,1534953600000
20180824,12579986,3.46,3.46,3.36,3.37,3.482,3.444,3.365,3.4637,18.3383,4296246104.12,-0.12,-3.44,1.2,42952107.98,,,1535040000000
20180827,28784081,3.37,3.71,3.36,3.71,3.514,3.478,3.377,3.4687,20.1885,4729695265.96,0.34,10.09,2.79,104979764.86,,,1535299200000
20180828,40164697,3.97,4.08,3.9,4.08,3.62,3.545,3.4065,3.4777,22.2019,5201389942.08,0.37,9.97,3.85,161047460.56,,,1535385600000
20180829,90462954,4.08,4.14,3.9,3.91,3.712,3.607,3.435,3.486,21.2768,4984665361.16,-0.17,-4.17,8.68,362092957.61,,,1535472000000
20180830,50265453,3.86,3.95,3.75,3.78,3.77,3.641,3.464,3.4933,20.5694,4818934799.28,-0.13,-3.32,4.76,193587370.79,,,1535558400000
20180831,53386593,3.84,3.96,3.76,3.88,3.872,3.677,3.5005,3.5017,21.1135,4946419846.88,0.1,2.65,5.11,207824025.6,,,1535644800000
20180903,40807289,3.78,3.87,3.62,3.87,3.904,3.709,3.5385,3.5097,21.0591,4933671342.12,-0.01,-0.26,3.9,152750040.54,,,1535904000000
20180904,37885800,3.83,3.95,3.79,3.91,3.87,3.745,3.5715,3.5177,21.2768,4984665361.16,0.04,1.03,3.63,147504661.0,,,1535990400000
20180905,49032082,3.89,4.09,3.82,3.86,3.86,3.786,3.6055,3.524,21.0047,4920922837.36,-0.05,-1.28,4.74,193450190.52,,,1536076800000
20180906,38723680,3.84,4.04,3.8,3.92,3.888,3.829,3.6355,3.528,21.3312,4997413865.92,0.06,1.55,3.7,152212883.86,,,1536163200000
20180907,35731046,3.89,3.95,3.74,3.79,3.87,3.871,3.6575,3.5337,20.6238,4831683304.04,-0.13,-3.32,3.44,137666295.64,,,1536249600000
20180910,19369347,3.76,3.79,3.68,3.71,3.838,3.871,3.6745,3.5417,20.1885,4729695265.96,-0.08,-2.11,1.85,72116887.61,,,1536508800000
20180911,34657064,3.76,3.95,3.68,3.87,3.83,3.85,3.6975,3.5543,21.0591,4933671342.12,0.16,4.31,3.32,132843641.46,,,1536595200000
20180912,22430300,3.84,3.9,3.81,3.84,3.826,3.843,3.725,3.571,20.8959,4895425827.84,-0.03,-0.78,2.15,86379420.52,,,1536681600000
20180913,32021400,3.9,3.97,3.85,3.96,3.834,3.861,3.751,3.5963,21.5489,5048407884.96,0.12,3.13,3.04,125502408.0,,,1536768000000
20180914,28893300,3.99,3.99,3.78,3.78,3.832,3.851,3.764,3.6173,20.5694,4818934799.28,-0.18,-4.55,2.74,111627222.0,,,1536854400000
20180917,25659600,3.85,3.95,3.82,3.84,3.858,3.848,3.7785,3.6417,20.8959,4895425827.84,0.06,1.59,2.45,99586116.0,,,1537113600000
20180918,25687113,3.74,3.88,3.7,3.88,3.86,3.845,3.795,3.6627,21.1135,4946419846.88,0.04,1.04,2.41,97338572.92,,,1537200000000
20180919,25973321,3.84,3.94,3.83,3.89,3.87,3.848,3.817,3.6863,21.168,4959168351.64,0.01,0.26,2.51,101075901.95,,,1537286400000
20180920,15255100,3.87,3.93,3.84,3.85,3.848,3.841,3.835,3.704,20.9503,4908174332.6,-0.04,-1.03,1.46,59129417.0,,,1537372800000
20180921,19710366,3.86,3.88,3.77,3.88,3.868,3.85,3.8605,3.7217,21.1135,4946419846.88,0.03,0.78,1.89,75493554.38,,,1537459200000
20180925,11050800,3.86,3.89,3.81,3.84,3.868,3.863,3.867,3.7373,20.8959,4895425827.84,-0.04,-1.03,1.05,42507815.0,,,1537804800000
20180926,17090782,3.85,3.88,3.78,3.81,3.854,3.857,3.8535,3.7507,20.7326,4857180313.56,-0.03,-0.78,1.63,65502280.6,,,1537891200000
20180927,20994201,3.79,3.82,3.65,3.65,3.806,3.838,3.8405,3.7627,19.862,4653204237.4,-0.16,-4.2,2.0,78232829.01,,,1537977600000
20180928,10256895,3.67,3.7,3.64,3.68,3.772,3.81,3.8355,3.7707,20.0252,4691449751.68,0.03,0.82,0.98,37632103.83,,,1538064000000
20181008,15945240,3.58,3.61,3.39,3.42,3.68,3.774,3.8125,3.7673,23.3724,4359988627.92,-0.26,-7.07,1.52,56047108.4,,,1538928000000
20181009,9252493,3.47,3.47,3.38,3.41,3.594,3.731,3.7895,3.7627,23.304,4347240123.16,-0.01,-0.29,0.9,31706199.14,,,1539014400000
20181010,8806800,3.42,3.45,3.37,3.42,3.516,3.685,3.765,3.7583,23.3724,4359988627.92,0.01,0.29,0.84,30061755.0,,,1539100800000
20181011,22420740,3.13,3.24,3.08,3.08,3.402,3.604,3.726,3.746,21.0488,3926539466.08,-0.34,-9.94,2.17,70403968.01,,,1539187200000
20181012,16958259,3.0,3.07,2.86,3.02,3.27,3.521,3.681,3.7303,20.6388,3850048437.52,-0.06,-1.95,1.62,50618457.13,,,1539273600000
20181015,9476832,3.05,3.12,2.97,3.0,3.186,3.433,3.6415,3.718,20.5021,3824551428.0,-0.02,-0.66,0.91,28942553.16,,,1539532800000
20181016,7148904,2.99,3.05,2.96,2.97,3.098,3.346,3.6045,3.6933,20.2971,3786305913.72,-0.03,-1.0,0.69,21431844.88,,,1539619200000
20181017,11586018,3.02,3.1,2.97,3.08,3.03,3.273,3.565,3.66,21.0488,3926539466.08,0.11,3.7,1.11,35236457.04,,,1539705600000
20181018,8972519,3.06,3.06,2.96,2.97,3.008,3.205,3.5215,3.6287,20.2971,3786305913.72,-0.11,-3.57,0.85,27019908.85,,,1539792000000
20181019,11005273,2.95,3.08,2.9,3.07,3.018,3.144,3.477,3.605,20.9805,3913790961.32,0.1,3.37,1.06,33432597.77,,,1539878400000
20181022,20323505,3.11,3.25,3.08,3.19,3.056,3.121,3.4475,3.582,21.8006,4066773018.44,0.12,3.91,1.96,64425768.4,,,1540137600000
20181023,13761800,3.17,3.21,3.06,3.09,3.08,3.089,3.41,3.556,21.1172,3939287970.84,-0.1,-3.13,1.33,43255485.0,,,1540224000000
20181024,8170889,3.06,3.14,3.05,3.09,3.082,3.056,3.3705,3.5287,21.1172,3939287970.84,0.0,0.0,0.78,25341298.01,,,1540310400000
20181025,13433595,3.01,3.07,2.97,3.04,3.096,3.052,3.328,3.5013,20.7755,3875545447.04,-0.05,-1.62,1.28,40478028.74,,,1540396800000
20181026,11888500,3.06,3.12,3.05,3.1,3.102,3.06,3.2905,3.474,21.1855,3952036475.6,0.06,1.97,1.13,36678277.0,,,1540483200000
20181029,8124014,3.09,3.12,3.04,3.05,3.074,3.065,3.249,3.4493,20.8438,3888293951.8,-0.05,-1.61,0.77,24981316.7,,,1540742400000
20181030,11940689,3.04,3.09,2.95,3.06,3.068,3.074,3.21,3.4277,20.9121,3901042456.56,0.01,0.33,1.15,36118966.67,,,1540828800000
20181031,12296488,3.06,3.13,3.05,3.11,3.072,3.077,3.175,3.4023,21.2538,3964784980.36,0.05,1.63,1.18,38077435.44,,,1540915200000
20181101,18330941,3.11,3.19,3.1,3.1,3.084,3.09,3.1475,3.3777,21.1855,3952036475.6,-0.01,-0.32,1.75,57714521.69,,,1541001600000
20181102,20585648,3.15,3.22,3.12,3.22,3.108,3.105,3.1245,3.353,22.0056,4105018532.72,0.12,3.87,1.97,65240387.81,,,1541088000000
20181105,18824999,3.2,3.25,3.15,3.21,3.14,3.107,3.114,3.334,21.9372,4092270027.96,-0.01,-0.31,1.8,60353915.1,,,1541347200000
20181106,16418800,3.15,3.17,3.1,3.16,3.16,3.114,3.1015,3.3113,21.5955,4028527504.16,-0.05,-1.56,1.59,51406848.0,,,1541433600000
20181107,55384721,3.16,3.48,3.14,3.33,3.204,3.138,3.097,3.293,22.7573,4245252085.08,0.17,5.38,5.29,186654347.33,,,1541520000000
20181108,33053640,3.33,3.38,3.25,3.26,3.236,3.16,3.106,3.272,22.2789,4156012551.76,-0.07,-2.1,3.18,109634033.0,,,1541606400000
20181109,69937986,3.24,3.59,3.21,3.49,3.29,3.199,3.1295,3.26,23.8508,4449228161.24,0.23,7.06,6.74,243179360.82,,,1541692800000
20181112,52969693,3.4,3.64,3.38,3.59,3.366,3.253,3.159,3.2503,24.5342,4576713208.84,0.1,2.87,5.09,186658708.27,,,1541952000000
20181113,55185496,3.51,3.87,3.5,3.72,3.478,3.319,3.1965,3.2463,25.4226,4742443770.72,0.13,3.62,5.3,204482444.16,,,1542038400000
20181114,35368868,3.68,3.74,3.62,3.66,3.544,3.374,3.2255,3.2413,25.0126,4665952742.16,-0.06,-1.61,3.4,129873229.83,,,1542124800000
20181115,29543397,3.64,3.71,3.63,3.7,3.632,3.434,3.262,3.243,25.2859,4716946761.2,0.04,1.09,2.79,108513573.18,,,1542211200000
20181116,31312614,3.7,3.7,3.61,3.66,3.666,3.478,3.2915,3.2423,25.0126,4665952742.16,-0.04,-1.08,3.02,114309830.47,,,1542297600000
20181119,20579872,3.64,3.65,3.56,3.61,3.67,3.518,3.3125,3.2487,24.6709,4602210218.36,-0.05,-1.37,1.96,73855664.01,,,1542556800000
20181120,21327503,3.57,3.65,3.52,3.54,3.634,3.556,3.335,3.253,24.1925,4512970685.04,-0.07,-1.94,2.04,76366236.32,,,1542643200000
20181121,13496658,3.5,3.59,3.46,3.59,3.62,3.582,3.36,3.2587,24.5342,4576713208.84,0.05,1.41,1.27,47868197.8,,,1542729600000
20181122,11078397,3.6,3.62,3.53,3.56,3.592,3.612,3.386,3.2747,24.3292,4538467694.56,-0.03,-0.84,1.07,39568514.35,,,1542816000000
20181123,25118900,3.54,3.58,3.25,3.28,3.516,3.591,3.395,3.2833,22.4156,4181509561.28,-0.28,-7.87,2.43,84908602.0,,,1542902400000
20181126,13921336,3.28,3.38,3.25,3.32,3.458,3.564,3.4085,3.294,22.689,4232503580.32,0.04,1.22,1.33,46185873.21,,,1543161600000
20181127,64720583,3.36,3.65,3.35,3.65,3.48,3.557,3.438,3.3167,24.9442,4653204237.4,0.33,9.94,6.27,230653033.5,,,1543248000000
20181128,67416941,3.61,3.8,3.58,3.71,3.504,3.562,3.468,3.3377,25.3543,4729695265.96,0.06,1.64,6.5,247956251.28,,,1543334400000
20181129,50405023,3.7,3.72,3.47,3.49,3.49,3.541,3.4875,3.355,23.8508,4449228161.24,-0.22,-5.93,4.83,181686719.26,,,1543420800000
20181130,57638800,3.54,3.79,3.41,3.73,3.58,3.548,3.513,3.377,25.4909,4755192275.48,0.24,6.88,5.51,208785264.72,,,1543507200000
20181203,81252245,3.83,4.05,3.73,3.88,3.692,3.575,3.5465,3.4,26.516,4946419846.88,0.15,4.02,7.81,315907198.5,,,1543766400000
20181204,47223700,3.87,3.91,3.78,3.88,3.738,3.609,3.5825,3.4263,26.516,4946419846.88,0.0,0.0,4.5,181408280.75,,,1543852800000
20181205,41269872,3.75,3.85,3.73,3.85,3.766,3.635,3.6085,3.4517,26.311,4908174332.6,-0.03,-0.77,3.85,156837950.04,,,1543939200000
20181206,32403500,3.78,3.81,3.65,3.66,3.8,3.645,3.6285,3.4723,25.0126,4665952742.16,-0.19,-4.94,3.11,120237015.28,,,1544025600000
20181207,36534726,3.69,3.85,3.69,3.73,3.8,3.69,3.6405,3.4933,25.4909,4755192275.48,0.07,1.91,3.52,137694711.34,,,1544112000000
20181210,55373436,3.7,3.95,3.66,3.88,3.8,3.746,3.655,3.521,26.516,4946419846.88,0.15,4.02,5.32,213180897.07,,,1544371200000
20181211,77294204,3.99,4.11,3.9,4.0,3.824,3.781,3.669,3.5523,27.3361,5099401904.0,0.12,3.09,7.38,308984914.65,,,1544457600000
20181212,42481926,3.95,3.99,3.85,3.86,3.826,3.796,3.679,3.5773,26.3794,4920922837.36,-0.14,-3.5,4.06,165287901.22,,,1544544000000
20181213,50461684,3.86,4.05,3.86,4.01,3.896,3.848,3.6945,3.6077,27.4045,5112150408.76,0.15,3.89,4.8,199560785.52,,,1544630400000
20181214,36034946,3.96,4.0,3.82,3.84,3.918,3.859,3.7035,3.6283,26.2427,4895425827.84,-0.17,-4.24,3.44,141044318.36,,,1544716800000
20181217,22631535,3.77,3.9,3.75,3.89,3.92,3.86,3.7175,3.651,26.5844,4959168351.64,0.05,1.3,2.17,86632233.0,,,1544976000000
20181218,20426599,3.86,3.92,3.77,3.85,3.89,3.857,3.733,3.674,26.311,4908174332.6,-0.04,-1.03,1.95,78734041.29,,,1545062400000
20181219,26628238,3.89,3.96,3.83,3.88,3.894,3.86,3.7475,3.6923,26.516,4946419846.88,0.03,0.78,2.54,104020543.0,,,1545148800000
20181220,33273766,3.83,3.99,3.8,3.98,3.888,3.892,3.7685,3.7163,27.1994,5073904894.48,0.1,2.58,3.11,130097726.15,,,1545235200000
20181221,41710478,3.95,4.07,3.86,3.91,3.902,3.91,3.8,3.7303,26.7211,4984665361.16,-0.07,-1.76,3.99,165576881.85,,,1545321600000
20181224,71742266,3.88,4.15,3.88,4.15,3.954,3.937,3.8415,3.749,28.3612,5290629475.4,0.24,6.14,6.81,291164482.53,,,1545580800000
20181225,90274575,4.07,4.29,3.94,4.23,4.03,3.96,3.8705,3.766,28.908,5392617513.48,0.08,1.93,8.69,370812059.85,,,1545667200000
20181226,63548200,4.12,4.17,4.0,4.0,4.054,3.974,3.885,3.7773,27.3361,5099401904.0,-0.23,-5.44,6.08,259188607.34,,,1545753600000
20181227,36980225,4.05,4.09,3.96,3.98,4.054,3.971,3.9095,3.7867,27.1994,5073904894.48,-0.02,-0.5,3.55,148810447.66,,,1545840000000
20181228,36836182,3.98,3.98,3.81,3.82,4.036,3.969,3.914,3.792,26.106,4869928818.32,-0.16,-4.02,3.52,142499875.23,,,1545926400000
20190102,28534301,3.85,3.96,3.81,3.9,3.986,3.97,3.915,3.8017,-4.2935,4971916856.4,0.08,2.09,2.73,111042882.0,,,1546358400000
20190103,37803490,3.88,3.89,3.61,3.65,3.87,3.95,3.9035,3.8053,-4.0183,4653204237.4,-0.25,-6.41,3.62,141116470.0,,,1546444800000
20190104,32586230,3.6,3.82,3.56,3.79,3.828,3.941,3.9005,3.812,-4.1724,4831683304.04,0.14,3.84,3.13,122551870.0,,,1546531200000
20190107,40928049,3.81,4.01,3.8,3.98,3.828,3.941,3.9165,3.826,-4.3816,5073904894.48,0.19,5.01,3.87,160638175.0,,,1546790400000
20190108,38200281,3.94,4.05,3.84,3.96,3.856,3.946,3.928,3.8487,-4.3596,5048407884.96,-0.02,-0.5,3.66,151193076.0,,,1546876800000
20190109,131880744,3.96,4.36,3.9,4.22,3.92,3.953,3.945,3.8787,-4.6458,5379869008.72,0.26,6.57,12.73,560806182.0,,,1546963200000
20190110,118330959,4.17,4.56,4.11,4.36,4.062,3.966,3.963,3.9023,-4.7999,5558348075.36,0.14,3.32,11.39,505990988.0,,,1547049600000
20190111,88822100,4.33,4.62,4.3,4.34,4.172,4.0,3.987,3.9233,-4.7779,5532851065.84,-0.02,-0.46,8.52,395002104.0,,,1547136000000
20190114,82730939,4.38,4.6,4.21,4.53,4.282,4.055,4.013,3.958,-4.9871,5775072656.28,0.19,4.38,7.92,364448937.0,,,1547395200000
20190115,66366696,4.41,4.49,4.32,4.38,4.366,4.111,4.04,3.9797,-4.8219,5583845084.88,-0.15,-3.31,6.36,291974320.0,,,1547481600000
20190116,46301964,4.38,4.48,4.3,4.35,4.392,4.156,4.063,3.9953,-4.7889,5545599570.6,-0.03,-0.68,4.45,202897166.0,,,1547568000000
20190117,35014400,4.33,4.41,4.23,4.27,4.374,4.218,4.084,4.0083,-4.7008,5443611532.52,-0.08,-1.84,3.35,151147499.0,,,1547654400000
20190118,35987580,4.28,4.29,4.11,4.21,4.348,4.26,4.1005,4.0203,-4.6348,5367120503.96,-0.06,-1.41,3.46,151351141.0,,,1547740800000
20190121,87961389,4.26,4.63,4.22,4.63,4.368,4.325,4.133,4.0527,-5.0972,5902557703.88,0.42,9.98,8.53,398611282.0,,,1548000000000
20190122,96871153,4.74,4.75,4.55,4.56,4.404,4.385,4.1655,4.0803,-5.0201,5813318170.56,-0.07,-1.51,9.3,450438102.0,,,1548086400000
20190123,53459497,4.57,4.62,4.42,4.51,4.436,4.414,4.1835,4.1013,-4.9651,5749575646.76,-0.05,-1.1,5.12,240193041.0,,,1548172800000
20190124,43901908,4.54,4.55,4.38,4.45,4.472,4.423,4.1945,4.1163,-4.899,5673084618.2,-0.06,-1.33,4.17,196091280.0,,,1548259200000
20190125,35959187,4.43,4.47,4.31,4.31,4.492,4.42,4.21,4.1313,-4.7449,5494605551.56,-0.14,-3.15,3.44,157549540.0,,,1548345600000
20190128,28088113,4.32,4.39,4.25,4.38,4.442,4.405,4.23,4.1437,-4.8219,5583845084.88,0.07,1.62,2.65,121366101.0,,,1548604800000
20190129,25943887,4.33,4.34,4.12,4.21,4.372,4.388,4.2495,4.156,-4.6348,5367120503.96,-0.17,-3.88,2.45,109904581.0,,,1548691200000
20190130,46217487,4.15,4.15,3.79,3.81,4.232,4.334,4.245,4.1533,-4.1944,4857180313.56,-0.4,-9.5,4.45,182901490.0,,,1548777600000
20190131,66328323,3.43,3.6,3.43,3.43,4.028,4.25,4.234,4.1393,-3.7761,4372737132.68,-0.38,-9.97,6.42,230471334.0,,,1548864000000
20190201,24831027,3.42,3.54,3.4,3.52,3.87,4.181,4.2205,4.1273,-3.8752,4487473675.52,0.09,2.62,2.38,86846205.0,,,1548950400000
20190211,36536200,3.54,3.79,3.52,3.77,3.748,4.095,4.21,4.1203,-4.1504,4806186294.52,0.25,7.1,3.5,135141895.0,,,1549814400000
20190212,36872127,3.79,3.94,3.74,3.84,3.674,4.023,4.204,4.118,-4.2275,4895425827.84,0.07,1.86,3.55,141695360.0,,,1549900800000
20190213,35978784,3.85,3.94,3.78,3.9,3.692,3.962,4.188,4.1097,-4.2935,4971916856.4,0.06,1.56,3.45,139870659.0,,,1549987200000
20190214,26109100,3.89,3.92,3.81,3.88,3.782,3.905,4.164,4.098,-4.2715,4946419846.88,-0.02,-0.51,2.51,101111258.0,,,1550073600000
20190215,39395376,3.88,4.06,3.85,3.93,3.864,3.867,4.1435,4.0957,-4.3265,5010162370.68,0.05,1.29,3.79,156187596.0,,,1550160000000
20190218,37889872,3.96,4.08,3.95,4.06,3.922,3.835,4.12,4.0983,-4.4697,5175892932.56,0.13,3.31,3.64,152630110.0,,,1550419200000
20190219,40365779,4.07,4.09,3.92,4.0,3.954,3.814,4.101,4.1043,-4.4036,5099401904.0,-0.06,-1.48,3.87,161694838.0,,,1550505600000
20190220,56224555,4.0,4.19,3.92,4.19,4.012,3.852,4.093,4.114,-4.6128,5341623494.44,0.19,4.75,5.34,228525815.0,,,1550592000000
20190221,76281799,4.09,4.36,4.04,4.11,4.058,3.92,4.085,4.1293,-4.5247,5239635456.36,-0.08,-1.91,7.35,320457851.0,,,1550678400000
20190222,61591403,4.07,4.2,4.04,4.18,4.108,3.986,4.0835,4.1423,-4.6018,5328874989.68,0.07,1.7,5.86,254356124.0,,,1550764800000
20190225,75258096,4.23,4.37,4.18,4.34,4.164,4.043,4.069,4.1543,-4.7779,5532851065.84,0.16,3.83,7.22,322320107.0,,,1551024000000
20190226,80335011,4.34,4.35,4.13,4.18,4.2,4.077,4.05,4.1617,-4.6018,5328874989.68,-0.16,-3.69,7.76,340337715.0,,,1551110400000
20190227,95504226,4.25,4.55,4.13,4.35,4.232,4.122,4.042,4.166,-4.7889,5545599570.6,0.17,4.07,9.2,414552715.0,,,1551196800000
20190228,53592655,4.3,4.33,4.17,4.23,4.256,4.157,4.031,4.1617,-4.6568,5392617513.48,-0.12,-2.76,5.16,227321434.0,,,1551283200000
20190301,30770652,4.24,4.28,4.17,4.25,4.27,4.189,4.028,4.1587,-4.6788,5418114523.0,0.02,0.47,2.93,129910152.0,,,1551369600000
20190304,67403666,4.3,4.43,4.23,4.35,4.272,4.218,4.0265,4.1527,-4.7889,5545599570.6,0.1,2.35,6.49,292249180.0,,,1551628800000
20190305,93820049,4.38,4.65,4.36,4.63,4.362,4.281,4.0475,4.161,-5.0972,5902557703.88,0.28,6.44,9.02,423566659.0,,,1551715200000
20190306,92282284,4.73,4.78,4.52,4.67,4.426,4.329,4.0905,4.1717,-5.1412,5953551722.92,0.04,0.86,8.86,428867114.0,,,1551801600000
20190307,91054457,4.83,5.04,4.7,4.83,4.546,4.401,4.1605,4.1903,-5.3173,6157527799.08,0.16,3.43,8.77,442948589.0,,,1551888000000
20190308,82790645,4.65,4.83,4.47,4.49,4.594,4.432,4.209,4.1997,-4.943,5724078637.24,-0.34,-7.04,7.95,385612809.0,,,1551974400000
20190311,58077569,4.6,4.77,4.53,4.77,4.678,4.475,4.259,4.2043,-5.2513,6081036770.52,0.28,6.24,5.57,270073281.0,,,1552233600000
20190312,74932169,4.85,4.97,4.68,4.81,4.714,4.538,4.3075,4.2127,-5.2953,6132030789.56,0.04,0.84,7.2,362399140.0,,,1552320000000
20190313,52959886,4.84,4.84,4.52,4.6,4.7,4.563,4.3425,4.2157,-5.0641,5864312189.6,-0.21,-4.37,5.12,247539826.0,,,1552406400000
20190314,46792465,4.61,4.68,4.3,4.45,4.624,4.585,4.371,4.2157,-4.899,5673084618.2,-0.15,-3.26,4.5,209084674.0,,,1552492800000
20190315,38212364,4.46,4.54,4.33,4.43,4.612,4.603,4.396,4.2197,-4.877,5647587608.68,-0.02,-0.45,3.67,169865348.0,,,1552579200000
20190318,34324759,4.47,4.57,4.38,4.55,4.568,4.623,4.4205,4.2253,-5.0091,5800569665.8,0.12,2.71,3.29,153927190.0,,,1552838400000
20190319,31135961,4.52,4.61,4.46,4.5,4.506,4.61,4.4455,4.235,-4.954,5736827142.0,-0.05,-1.1,3.0,140716269.0,,,1552924800000
20190320,30667800,4.52,4.55,4.33,4.45,4.476,4.588,4.4585,4.2563,-4.899,5673084618.2,-0.05,-1.11,2.94,136086814.0,,,1553011200000
20190321,39192343,4.46,4.58,4.41,4.48,4.482,4.553,4.477,4.2913,-4.932,5711330132.48,0.03,0.67,3.76,176410396.0,,,1553097600000
20190322,31226698,4.49,4.54,4.36,4.47,4.49,4.551,4.4915,4.323,-4.921,5698581627.72,-0.01,-0.22,3.0,138248031.0,,,1553184000000
20190325,23924360,4.39,4.46,4.37,4.38,4.456,4.512,4.4935,4.3433,-4.8219,5583845084.88,-0.09,-2.01,2.29,105433911.0,,,1553443200000
20190326,35957194,4.42,4.42,4.1,4.13,4.382,4.444,4.491,4.353,-4.5467,5265132465.88,-0.25,-5.71,3.46,152528616.0,,,1553529600000
20190327,24849660,4.14,4.29,4.08,4.24,4.34,4.408,4.4855,4.3643,-4.6678,5405366018.24,0.11,2.66,2.33,103301545.0,,,1553616000000
20190328,31788200,4.19,4.43,4.14,4.25,4.294,4.388,4.4865,4.3767,-4.6788,5418114523.0,0.01,0.24,3.06,137202914.0,,,1553702400000
20190329,28837918,4.24,4.34,4.14,4.34,4.268,4.379,4.491,4.3903,-4.7779,5532851065.84,0.09,2.12,2.76,122826852.0,,,1553788800000
20190401,36585687,4.37,4.51,4.36,4.47,4.286,4.371,4.497,4.404,-5.0536,5698581627.72,0.13,3.0,3.51,162511307.0,,,1554048000000
20190402,47642342,4.48,4.62,4.43,4.5,4.36,4.371,4.4905,4.4207,-5.0875,5736827142.0,0.03,0.67,4.59,216139038.0,,,1554134400000
20190403,28308708,4.46,4.5,4.42,4.5,4.412,4.376,4.482,4.431,-5.0875,5736827142.0,0.0,0.0,2.7,126374576.0,,,1554220800000
20190404,24539999,4.53,4.53,4.43,4.46,4.454,4.374,4.4635,4.4427,-5.0423,5685833122.96,-0.04,-0.89,2.36,109568220.0,,,1554307200000
20190408,28080487,4.47,4.5,4.26,4.32,4.45,4.359,4.455,4.4473,-4.884,5507354056.32,-0.14,-3.14,2.71,122764478.0,,,1554652800000
20190409,26064388,4.35,4.44,4.3,4.41,4.438,4.362,4.437,4.4497,-4.9858,5622090599.16,0.09,2.08,2.5,114611710.0,,,1554739200000
20190410,71491394,4.48,4.75,4.45,4.59,4.456,4.408,4.426,4.4633,-5.1893,5851563684.84,0.18,4.08,6.91,326787470.0,,,1554825600000
20190411,46328459,4.56,4.67,4.46,4.47,4.45,4.431,4.4195,4.4673,-5.0536,5698581627.72,-0.12,-2.61,4.44,210446930.0,,,1554912000000
20190412,60340371,4.57,4.75,4.44,4.67,4.492,4.473,4.4305,4.482,-5.2797,5953551722.92,0.2,4.47,5.72,278089226.0,,,1554998400000
20190415,69122746,4.79,4.93,4.55,4.55,4.538,4.494,4.4365,4.492,-5.1441,5800569665.8,-0.12,-2.57,6.62,329142817.0,,,1555257600000
20190416,59684231,4.44,5.01,4.41,5.01,4.658,4.548,4.4595,4.514,-5.6641,6387000884.76,0.46,10.11,5.79,285491050.0,,,1555344000000
20190417,9839904,5.51,5.51,5.51,5.51,4.842,4.649,4.51,4.5433,-6.2294,7024426122.76,0.5,9.98,0.95,54217871.0,,,1555430400000
20190418,217396363,5.8,6.06,5.63,6.06,5.16,4.805,4.5905,4.5897,-6.8512,7725593884.56,0.55,9.98,21.08,1289159659.0,,,1555516800000
20190419,252215393,6.1,6.59,5.65,6.17,5.46,4.976,4.675,4.6343,-6.9756,7865827436.92,0.11,1.82,24.18,1527337837.0,,,1555603200000
20190422,201143127,5.98,6.69,5.9,6.42,5.834,5.186,4.7725,4.6987,-7.2582,8184540055.92,0.25,4.05,19.37,1280758293.0,,,1555862400000
20190423,158213304,6.3,6.45,5.78,5.9,6.012,5.335,4.8485,4.7363,-6.6703,7521617808.4,-0.52,-8.1,15.16,969932957.0,,,1555948800000
20190424,131979796,5.84,6.45,5.84,6.26,6.162,5.502,4.955,4.7847,-7.0773,7980563979.76,0.36,6.1,12.65,811472857.0,,,1556035200000
20190425,135425199,6.07,6.55,5.96,6.06,6.162,5.661,5.046,4.8333,-6.8512,7725593884.56,-0.2,-3.19,12.98,842034862.0,,,1556121600000
20190426,75058959,5.95,6.67,5.94,6.67,6.262,5.861,5.167,4.9073,-7.5408,8503252674.92,0.61,10.07,7.23,486116320.0,,,1556208000000
20190429,307183282,7.1,7.34,7.0,7.34,6.446,6.14,5.317,5.0043,-8.2983,9357402493.84,0.67,10.04,29.79,2234588061.0,,,1556467200000
20190430,240115054,6.61,7.17,6.61,6.75,6.616,6.314,5.431,5.0777,-7.6313,8605240713.0,-0.59,-8.04,22.91,1617989715.0,,,1556553600000
20190506,78190990,6.41,6.52,6.08,6.08,6.58,6.371,5.51,5.1303,-6.8738,7751090894.08,-0.67,-9.93,7.59,481764195.0,,,1557072000000
20190507,166166978,5.65,6.29,5.65,6.01,6.57,6.366,5.5855,5.1823,-6.7947,7661851360.76,-0.07,-1.15,15.95,987885175.0,,,1557158400000
20190508,137374314,5.7,6.25,5.65,6.0,6.436,6.349,5.6625,5.233,-6.7834,7649102856.0,-0.01,-0.17,13.24,818878233.0,,,1557244800000
20190509,111094458,5.85,6.16,5.76,5.76,6.12,6.283,5.7345,5.276,-6.512,7343138741.76,-0.24,-4.0,10.5,665640747.0,,,1557331200000
20190510,155551269,5.96,6.34,5.8,6.34,6.038,6.327,5.831,5.3413,-7.1678,8082552017.84,0.58,10.07,15.1,949394002.0,,,1557417600000
20190513,242296562,6.52,6.97,6.48,6.97,6.216,6.398,5.95,5.436,-7.88,8885707817.72,0.63,9.94,23.5,1650112248.0,,,1557676800000
20190514,243290654,6.97,7.67,6.82,7.67,6.548,6.559,6.11,5.5503,-8.6714,9778103150.92,0.7,10.04,23.59,1780148432.0,,,1557763200000
20190515,161974627,8.25,8.44,8.12,8.44,7.036,6.736,6.2985,5.69,-9.5419,10759738017.44,0.77,10.04,15.73,1357597534.0,,,1557849600000
20190516,372149784,9.0,9.26,8.23,8.36,7.556,6.838,6.489,5.824,-9.4515,10657749979.36,-0.08,-0.95,35.58,3271910784.0,,,1557936000000
20190517,282683302,8.48,8.65,7.66,8.17,7.922,6.98,6.647,5.9473,-9.2367,10415528388.92,-0.19,-2.27,27.1,2336447500.0,,,1558022400000
20190520,244030186,7.95,8.41,7.35,8.03,8.134,7.175,6.773,6.065,-9.0784,10237049322.28,-0.14,-1.71,23.35,1904399559.0,,,1558281600000
20190521,190019417,7.68,8.14,7.55,7.77,8.154,7.351,6.8585,6.174,-8.7845,9905588198.52,-0.26,-3.24,18.1,1494926276.0,,,1558368000000
20190522,288239729,7.98,8.55,7.87,8.28,8.122,7.579,6.964,6.3013,-9.3611,10555761941.28,0.51,6.56,27.81,2403929978.0,,,1558454400000
20190523,172705046,7.94,7.94,7.45,7.45,7.94,7.748,7.0155,6.4057,-8.4227,9497636046.2,-0.83,-10.02,16.76,1307625431.0,,,1558540800000
20190524,157811514,7.01,7.2,6.71,6.74,7.654,7.788,7.0575,6.4833,-7.62,8592492208.24,-0.71,-9.53,15.24,1091075192.0,,,1558627200000
20190527,123944912,6.85,7.16,6.85,7.09,7.466,7.8,7.099,6.5667,-8.0157,9038689874.84,0.35,5.19,11.88,871941593.0,,,1558886400000
20190528,133867248,7.13,7.39,6.91,7.1,7.332,7.743,7.151,6.6543,-8.027,9051438379.6,0.01,0.14,12.88,954332701.0,,,1558972800000
20190529,103108119,6.99,7.27,6.94,7.1,7.096,7.609,7.1725,6.7353,-8.027,9051438379.6,0.0,0.0,9.84,734446364.0,,,1559059200000
20190530,115452654,7.03,7.2,6.79,7.11,7.028,7.484,7.161,6.8207,-8.0383,9064186884.36,0.01,0.14,11.07,809480485.0,,,1559145600000
20190531,179030507,7.04,7.8,7.04,7.44,7.168,7.411,7.1955,6.9017,-8.4114,9484887541.44,0.33,4.64,17.17,1340178366.0,,,1559232000000
20190603,226225892,7.35,8.18,7.28,8.18,7.386,7.426,7.3005,6.9907,-9.248,10428276893.68,0.74,9.95,21.94,1780174076.0,,,1559491200000
20190604,268727373,8.26,8.87,7.67,7.69,7.504,7.418,7.3845,7.045,-8.694,9803600160.44,-0.49,-5.99,25.76,2235223566.0,,,1559577600000
20190605,174006960,7.8,8.16,7.63,8.03,7.69,7.393,7.486,7.107,-9.0784,10237049322.28,0.34,4.42,16.68,1381563342.0,,,1559664000000
20190606,139503557,7.65,7.75,7.23,7.23,7.714,7.371,7.5595,7.134,-8.174,9217168941.48,-0.8,-9.96,13.53,1019242912.0,,,1559750400000
20190610,116604321,7.03,7.47,7.03,7.11,7.648,7.408,7.598,7.1743,-8.0383,9064186884.36,-0.12,-1.66,11.18,846163097.0,,,1560096000000
20190611,154336380,7.23,7.43,6.75,7.36,7.484,7.435,7.6175,7.211,-8.3209,9382899503.36,0.25,3.52,14.8,1099026601.0,,,1560182400000
20190612,170309482,7.35,7.95,7.18,7.64,7.474,7.489,7.616,7.2637,-8.6375,9739857636.64,0.28,3.8,16.37,1298740655.0,,,1560268800000
20190613,95741508,7.55,7.75,7.33,7.45,7.358,7.524,7.5665,7.2897,-8.4227,9497636046.2,-0.19,-2.49,9.2,718124637.0,,,1560355200000
20190614,95743020,7.5,7.66,7.01,7.02,7.316,7.515,7.4995,7.279,-7.9365,8949450341.52,-0.43,-5.77,9.14,696123382.0,,,1560441600000
20190617,48280400,7.01,7.15,6.9,7.01,7.296,7.472,7.4415,7.2877,-7.9252,8936701836.76,-0.01,-0.14,4.6,339219311.0,,,1560700800000
20190618,56808880,7.0,7.11,6.91,6.98,7.22,7.352,7.389,7.3177,-7.8913,8898456322.48,-0.03,-0.43,5.43,397138419.0,,,1560787200000
20190619,70989400,7.32,7.37,7.0,7.03,7.098,7.286,7.352,7.3517,-7.9478,8962198846.28,0.05,0.72,6.82,508954698.0,,,1560873600000
20190620,85371315,6.89,7.08,6.68,6.98,7.004,7.181,7.287,7.3843,-7.8913,8898456322.48,-0.05,-0.71,8.17,588037916.0,,,1560960000000
20190621,85364815,7.05,7.2,6.98,7.04,7.008,7.162,7.2665,7.427,-7.9592,8974947351.04,0.06,0.86,8.2,602994532.0,,,1561046400000
20190624,62589219,7.01,7.03,6.8,6.85,6.976,7.136,7.272,7.444,-7.7443,8732725760.6,-0.19,-2.7,6.01,430409666.0,,,1561305600000
20190625,123039322,6.2,6.45,6.17,6.17,6.814,7.017,7.226,7.4173,-6.9756,7865827436.92,-0.68,-9.93,11.84,765233422.0,,,1561392000000
20190626,61309195,6.05,6.2,5.91,6.09,6.626,6.862,7.1755,7.3647,-6.8851,7763839398.84,-0.08,-1.3,5.95,373818633.0,,,1561478400000
20190627,66761660,6.06,6.27,6.06,6.14,6.458,6.731,7.1275,7.288,-6.9416,7827581922.64,0.05,0.82,6.48,411866383.0,,,1561564800000
20190628,45491800,6.17,6.23,5.97,6.0,6.25,6.629,7.072,7.2093,-6.7834,7649102856.0,-0.14,-2.28,4.36,275304739.0,,,1561651200000
20190701,69568308,6.32,6.34,6.18,6.24,6.128,6.552,7.012,7.145,-6.9185,7955066970.24,0.24,4.0,6.7,435787178.0,,,1561910400000
20190702,45368012,6.25,6.27,6.12,6.15,6.124,6.469,6.9105,7.0823,-6.8187,7840330427.4,-0.09,-1.44,4.35,280389202.0,,,1561996800000
20190703,45048956,6.19,6.2,5.92,5.97,6.1,6.363,6.8245,7.0223,-6.6191,7610857341.72,-0.18,-2.93,4.38,270315455.0,,,1562083200000
20190704,35017856,6.07,6.12,5.83,5.85,6.042,6.25,6.7155,6.9413,-6.4861,7457875284.6,-0.12,-2.01,3.36,207908697.0,,,1562169600000
20190705,43761156,5.9,5.99,5.73,5.92,6.026,6.138,6.65,6.8903,-6.5637,7547114817.92,0.07,1.2,4.25,257132886.0,,,1562256000000
20190708,51696108,5.91,5.92,5.42,5.5,5.878,6.003,6.5695,6.849,-6.098,7011677618.0,-0.42,-7.09,5.02,289198901.0,,,1562515200000
20190709,35473543,5.56,5.64,5.49,5.61,5.77,5.947,6.482,6.7997,-6.22,7151911170.36,0.11,2.0,3.45,197716713.0,,,1562601600000
20190710,28477100,5.67,5.72,5.51,5.56,5.688,5.894,6.378,6.7483,-6.1645,7088168646.56,-0.05,-0.89,2.77,159530310.0,,,1562688000000
20190711,25738600,5.65,5.68,5.45,5.49,5.616,5.829,6.28,6.6947,-6.0869,6998929113.24,-0.07,-1.26,2.47,142777252.0,,,1562774400000
20190712,23546288,5.56,5.57,5.38,5.45,5.522,5.774,6.2015,6.6393,-6.0426,6947935094.2,-0.04,-0.73,2.29,129026325.0,,,1562860800000
20190715,35952316,5.47,5.56,5.31,5.53,5.528,5.703,6.1275,6.5757,-6.1313,7049923132.28,0.08,1.47,3.45,195624471.0,,,1563120000000
20190716,59729523,5.54,6.08,5.49,6.08,5.622,5.696,6.0825,6.5057,-6.7411,7751090894.08,0.55,9.95,5.8,353428130.0,,,1563206400000
20190717,163441283,6.15,6.58,6.04,6.13,5.736,5.712,6.0375,6.4537,-6.7965,7814833417.88,0.05,0.82,15.87,1021953247.0,,,1563292800000
20190718,76825446,6.01,6.03,5.82,5.84,5.806,5.711,5.9805,6.3807,-6.475,7445126779.84,-0.29,-4.73,7.46,452916865.0,,,1563379200000
20190719,67454326,5.78,5.91,5.67,5.72,5.86,5.691,5.9145,6.3303,-6.3419,7292144722.72,-0.12,-2.05,6.44,389586058.0,,,1563465600000
20190722,66081407,5.72,5.72,5.16,5.32,5.818,5.673,5.838,6.2707,-5.8984,6782204532.32,-0.4,-6.99,6.42,353904808.0,,,1563724800000
20190723,56245963,5.34,5.57,5.21,5.48,5.698,5.66,5.8035,6.208,-6.0758,6986180608.48,0.16,3.01,5.46,304667819.0,,,1563811200000
20190724,61929865,5.47,5.71,5.41,5.59,5.59,5.663,5.7785,6.1397,-6.1978,7126414160.84,0.11,2.01,6.01,346669553.0,,,1563897600000
20190725,46895756,5.6,5.74,5.55,5.59,5.54,5.673,5.751,6.0777,-6.1978,7126414160.84,0.0,0.0,4.49,264636112.0,,,1563984000000
20190726,37387452,5.59,5.65,5.46,5.48,5.492,5.676,5.725,6.0263,-6.0758,6986180608.48,-0.11,-1.97,3.63,207062997.0,,,1564070400000
20190729,30143124,5.53,5.57,5.4,5.45,5.518,5.668,5.6855,5.9743,-6.0426,6947935094.2,-0.03,-0.55,2.93,165320515.0,,,1564329600000
20190730,38445117,5.46,5.63,5.45,5.52,5.526,5.612,5.654,5.9257,-6.1202,7037174627.52,0.07,1.28,3.73,212818229.0,,,1564416000000
20190731,82247622,5.49,5.79,5.45,5.72,5.552,5.571,5.6415,5.882,-6.3419,7292144722.72,0.2,3.62,7.99,467386506.0,,,1564502400000
20190801,49609677,5.58,5.65,5.51,5.59,5.552,5.546,5.6285,5.8357,-6.1978,7126414160.84,-0.13,-2.27,4.82,276739323.0,,,1564588800000
20190802,50014128,5.43,5.45,5.26,5.36,5.528,5.51,5.6005,5.7797,-5.9428,6833198551.36,-0.23,-4.11,4.86,268717516.0,,,1564675200000
20190805,37010545,5.32,5.52,5.31,5.38,5.514,5.516,5.5945,5.7307,-5.965,6858695560.88,0.02,0.37,3.59,200572258.0,,,1564934400000
20190806,49410312,5.22,5.22,4.88,5.13,5.436,5.481,5.5705,5.696,-5.6878,6539982941.88,-0.25,-4.65,4.8,251383902.0,,,1565020800000
20190807,57647800,5.19,5.49,5.14,5.22,5.336,5.444,5.5535,5.667,-5.7876,6654719484.72,0.09,1.75,5.6,305821227.0,,,1565107200000
20190808,39963900,5.2,5.35,5.2,5.32,5.282,5.417,5.545,5.6397,-5.8984,6782204532.32,0.1,1.92,3.88,210680186.0,,,1565193600000
20190809,42967300,5.35,5.36,5.1,5.13,5.236,5.382,5.529,5.6107,-5.6878,6539982941.88,-0.19,-3.57,4.17,224108855.0,,,1565280000000
20190812,30074247,5.13,5.26,5.12,5.26,5.212,5.363,5.5155,5.578,-5.8319,6705713503.76,0.13,2.53,2.92,156009732.0,,,1565539200000
20190813,37084547,5.19,5.35,5.15,5.3,5.246,5.341,5.4765,5.5497,-5.8763,6756707522.8,0.04,0.76,3.6,195354746.0,,,1565625600000
20190814,37974800,5.44,5.46,5.22,5.24,5.25,5.293,5.432,5.5253,-5.8097,6680216494.24,-0.06,-1.13,3.69,202227456.0,,,1565712000000
20190815,40872400,5.03,5.31,4.99,5.25,5.236,5.259,5.4025,5.5053,-5.8208,6692964999.0,0.01,0.19,3.97,209964730.0,,,1565798400000
20190816,97580155,5.32,5.74,5.26,5.49,5.308,5.272,5.391,5.491,-6.0869,6998929113.24,0.24,4.57,9.48,537465862.0,,,1565884800000
20190819,83295157,5.58,5.68,5.49,5.66,5.388,5.3,5.408,5.4963,-6.2754,7215653694.16,0.17,3.1,8.09,466487063.0,,,1566144000000
20190820,63234590,5.7,5.7,5.52,5.55,5.438,5.342,5.4115,5.4943,-6.1534,7075420141.8,-0.11,-1.94,6.14,353480059.0,,,1566230400000
20190821,42739950,5.53,5.56,5.41,5.44,5.478,5.364,5.404,5.4903,-6.0315,6935186589.44,-0.11,-1.98,4.15,233323994.0,,,1566316800000
20190822,66889440,5.46,5.68,5.41,5.6,5.548,5.392,5.4045,5.494,-6.2089,7139162665.6,0.16,2.94,6.5,372013387.0,,,1566403200000
20190823,40317700,5.59,5.59,5.43,5.48,5.546,5.427,5.4045,5.495,-6.0758,6986180608.48,-0.12,-2.14,3.92,221250376.0,,,1566489600000
20190826,30085899,5.3,5.38,5.26,5.34,5.482,5.435,5.399,5.4887,-5.9206,6807701541.84,-0.14,-2.55,2.92,160401525.0,,,1566748800000
20190827,61961239,5.37,5.68,5.36,5.6,5.492,5.465,5.403,5.4727,-6.2089,7139162665.6,0.26,4.87,6.02,341633064.0,,,1566835200000
20190828,132123592,5.55,6.16,5.5,6.16,5.636,5.557,5.425,5.4737,-6.8298,7853078932.16,0.56,10.0,12.83,770738850.0,,,1566921600000
20190829,180780641,6.09,6.38,5.9,5.94,5.704,5.626,5.4425,5.477,-6.5858,7572611827.44,-0.22,-3.57,17.56,1106233058.0,,,1567008000000
20190830,100505376,5.98,6.14,5.64,5.73,5.754,5.65,5.461,5.4773,-6.353,7304893227.48,-0.21,-3.54,9.76,591505716.0,,,1567094400000
20190902,77084999,5.72,6.15,5.66,5.97,5.88,5.681,5.4905,5.499,-6.6191,7610857341.72,0.24,4.19,7.49,455735689.0,,,1567353600000
20190903,112808106,5.95,6.35,5.95,6.16,5.992,5.742,5.542,5.5217,-6.8298,7853078932.16,0.19,3.18,10.96,695953967.0,,,1567440000000
20190904,83668987,6.09,6.23,6.01,6.19,5.998,5.817,5.5905,5.5417,-6.863,7891324446.44,0.03,0.49,8.13,511443792.0,,,1567526400000
20190905,124026359,6.24,6.47,6.15,6.31,6.072,5.888,5.64,5.5657,-6.9961,8044306503.56,0.12,1.94,12.05,783138063.0,,,1567612800000
20190906,129272052,6.36,6.58,6.24,6.43,6.212,5.983,5.705,5.5973,-7.1291,8197288560.68,0.12,1.9,12.56,830081738.0,,,1567699200000
20190909,133761404,6.47,6.82,6.37,6.73,6.364,6.122,5.7785,5.64,-7.4617,8579743703.48,0.3,4.67,12.99,882690166.0,,,1567958400000
20190910,97746479,6.65,6.73,6.49,6.56,6.444,6.218,5.8415,5.6747,-7.2733,8363019122.56,-0.17,-2.53,9.49,643486454.0,,,1568044800000
20190911,74684699,6.58,6.63,6.31,6.34,6.474,6.236,5.8965,5.6953,-7.0293,8082552017.84,-0.22,-3.35,7.25,478837900.0,,,1568131200000
20190912,58426799,6.35,6.48,6.35,6.46,6.504,6.288,5.957,5.7243,-7.1624,8235534074.96,0.12,1.89,5.67,375219023.0,,,1568217600000
20190916,89132300,6.47,6.75,6.4,6.65,6.548,6.38,6.015,5.7673,-7.373,8477755665.4,0.19,2.94,8.66,587129756.0,,,1568563200000
20190917,71246639,6.57,6.58,6.29,6.37,6.476,6.42,6.0505,5.8003,-7.0626,8120797532.12,-0.28,-4.21,6.92,457115917.0,,,1568649600000
20190918,105479701,6.52,6.9,6.43,6.43,6.45,6.447,6.0945,5.8437,-7.1291,8197288560.68,0.06,0.94,10.24,698386862.0,,,1568736000000
20190919,76262571,6.46,6.56,6.25,6.56,6.494,6.484,6.1505,5.8883,-7.2733,8363019122.56,0.13,2.02,7.41,488259851.0,,,1568822400000
20190920,52352669,6.51,6.56,6.35,6.39,6.48,6.492,6.19,5.924,-7.0848,8146294541.64,-0.17,-2.59,5.08,337595678.0,,,1568908800000
20190923,48684581,6.3,6.35,6.17,6.3,6.41,6.479,6.231,5.963,-6.985,8031557998.8,-0.09,-1.41,4.73,303837479.0,,,1569168000000
20190924,75146471,6.26,6.53,6.25,6.49,6.434,6.455,6.2885,6.004,-7.1956,8273779589.24,0.19,3.02,7.3,481786759.0,,,1569254400000
20190925,54960438,6.35,6.43,6.15,6.16,6.38,6.415,6.3165,6.0327,-6.8298,7853078932.16,-0.33,-5.08,5.34,344313276.0,,,1569340800000
20190926,57223000,6.19,6.22,5.67,5.71,6.21,6.352,6.294,6.0483,-6.3308,7279396217.96,-0.45,-7.31,5.56,337702279.0,,,1569427200000
20190927,26125772,5.7,5.85,5.67,5.76,6.084,6.282,6.285,6.0653,-6.3863,7343138741.76,0.05,0.88,2.54,151058361.0,,,1569513600000
20190930,30531838,5.78,5.82,5.51,5.53,5.93,6.17,6.275,6.0667,-6.1313,7049923132.28,-0.23,-3.99,2.97,171491044.0,,,1569772800000
20191008,19133800,5.58,5.62,5.5,5.52,5.736,6.085,6.2525,6.062,-6.1202,7037174627.52,-0.01,-0.18,1.86,106413064.0,,,1570464000000
20191009,29447200,5.42,5.55,5.27,5.54,5.612,5.996,6.2215,6.0617,-6.1424,7062671637.04,0.02,0.36,2.86,159835144.0,,,1570550400000
20191010,29043600,5.53,5.62,5.48,5.58,5.586,5.898,6.191,6.0663,-6.187,7113665656.0,0.04,0.72,2.82,161465369.0,,,1570636800000
20191011,33317426,5.54,5.6,5.38,5.47,5.528,5.806,6.149,6.062,-6.065,6973432104.0,-0.11,-1.97,3.24,182623909.0,,,1570723200000
20191014,34739455,5.56,5.67,5.52,5.63,5.548,5.739,6.109,6.067,-6.242,7177408180.0,0.16,2.93,3.37,194772902.0,,,1570982400000
20191015,52820180,5.5,5.5,5.21,5.3,5.504,5.62,6.0375,6.0657,-5.876,6756707523.0,-0.33,-5.86,5.13,281981749.0,,,1571068800000
20191016,20674000,5.3,5.36,5.26,5.27,5.45,5.531,5.973,6.0547,-5.843,6718462009.0,-0.03,-0.57,2.01,109755655.0,,,1571155200000
20191017,27353108,5.28,5.44,5.23,5.35,5.404,5.495,5.9235,6.0277,-5.932,6820450047.0,0.08,1.52,2.66,145579282.0,,,1571241600000
20191018,24800800,5.34,5.38,5.18,5.19,5.348,5.438,5.86,6.0027,-5.754,6616473970.0,-0.16,-2.99,2.41,130685032.0,,,1571328000000
20191021,17229900,5.17,5.17,5.03,5.14,5.25,5.399,5.7845,5.983,-5.699,6552731447.0,-0.05,-0.96,1.67,87856032.0,,,1571587200000
20191022,15951600,5.17,5.21,5.13,5.2,5.23,5.367,5.726,5.9573,-5.765,6629222475.0,0.06,1.17,1.55,82503365.0,,,1571673600000
20191023,15015100,5.21,5.22,5.08,5.12,5.2,5.325,5.6605,5.9227,-5.677,6527234437.0,-0.08,-1.54,1.46,77311146.0,,,1571760000000
20191024,17483500,5.09,5.16,5.04,5.13,5.156,5.28,5.589,5.8873,-5.688,6539982942.0,0.01,0.2,1.7,89146909.0,,,1571846400000
20191025,41471400,5.1,5.39,5.08,5.33,5.184,5.266,5.536,5.8547,-5.91,6794953037.0,0.2,3.9,4.03,217965637.0,,,1571932800000
20191028,42512800,5.35,5.47,5.27,5.43,5.242,5.246,5.4925,5.8213,-6.02,6922438085.0,0.1,1.88,4.13,229173757.0,,,1572192000000
20191029,32183300,5.4,5.41,5.21,5.22,5.246,5.238,5.429,5.771,-5.661,6654719485.0,-0.21,-3.87,3.13,170570094.0,,,1572278400000
20191030,18411100,5.15,5.27,5.1,5.2,5.262,5.231,5.381,5.7257,-5.64,6629222475.0,-0.02,-0.38,1.79,95325228.0,,,1572364800000
20191031,19825400,5.23,5.33,5.17,5.2,5.276,5.216,5.3555,5.6877,-5.64,6629222475.0,0.0,0.0,1.93,104071955.0,,,1572451200000
20191101,99622275,5.28,5.72,5.26,5.55,5.32,5.252,5.345,5.6573,-6.019,7075420142.0,0.35,6.73,9.68,554308640.0,,,1572537600000
20191104,62407615,5.48,5.56,5.4,5.5,5.334,5.288,5.3435,5.619,-5.965,7011677618.0,-0.05,-0.9,6.06,342270250.0,,,1572796800000
20191105,46518708,5.46,5.57,5.44,5.54,5.398,5.322,5.3445,5.5913,-6.009,7062671637.0,0.04,0.73,4.52,256772814.0,,,1572883200000
20191106,58137723,5.46,5.52,5.18,5.24,5.406,5.334,5.3295,5.5517,-5.683,6680216494.0,-0.3,-5.42,5.65,308708398.0,,,1572969600000
20191107,22937408,5.19,5.28,5.13,5.26,5.418,5.347,5.3135,5.5083,-5.705,6705713504.0,0.02,0.38,2.23,119778294.0,,,1573056000000
20191108,26215800,5.31,5.31,5.15,5.15,5.338,5.329,5.2975,5.467,-5.586,6565479951.0,-0.11,-2.09,2.55,136687345.0,,,1573142400000
20191111,33106700,5.07,5.08,4.91,4.93,5.224,5.279,5.2625,5.4213,-5.347,6285012847.0,-0.22,-4.27,3.22,165358653.0,,,1573401600000
20191112,29284879,4.91,5.1,4.8,5.02,5.12,5.259,5.2485,5.3723,-5.445,6399749390.0,0.09,1.83,2.84,144254382.0,,,1573488000000
20191113,18136675,4.97,4.98,4.84,4.88,5.048,5.227,5.229,5.3297,-5.2927,6221270322.88,-0.14,-2.79,1.76,89210443.0,,,1573574400000
20191114,23257422,4.88,5.07,4.86,4.97,4.99,5.204,5.21,5.305,-5.3903,6336006865.72,0.09,1.84,2.26,115430126.0,,,1573660800000
20191115,19165600,4.95,5.02,4.88,4.91,4.942,5.14,5.196,5.2767,-5.325,6259515837.0,-0.06,-1.21,1.86,94947152.0,,,1573747200000
20191118,17351560,4.91,5.03,4.91,4.99,4.954,5.089,5.1885,5.2587,-5.412,6361503875.24,0.08,1.63,1.69,86480320.0,,,1574006400000
20191119,32675165,4.98,5.16,4.97,5.13,4.976,5.048,5.185,5.2457,-5.5638,6539982941.88,0.14,2.81,3.17,166394260.0,,,1574092800000
20191120,28445600,5.15,5.16,5.0,5.02,5.004,5.026,5.18,5.2283,-5.4445,6399749389.52,-0.11,-2.14,2.74,144036868.0,,,1574179200000
20191121,28977399,4.98,5.15,4.95,5.1,5.03,5.01,5.1785,5.2123,-5.5313,6501737427.6,0.08,1.59,2.81,147186340.0,,,1574265600000
20191122,28923203,5.07,5.2,5.01,5.04,5.056,4.999,5.164,5.198,-5.466,6425246399.0,-0.06,-1.18,2.81,147225145.0,,,1574352000000
20191125,19158900,5.0,5.03,4.91,4.92,5.042,4.998,5.1385,5.1743,-5.3361,6272264341.92,-0.12,-2.38,1.86,94569496.0,,,1574611200000
20191126,11658500,4.94,5.0,4.91,4.92,5.0,4.988,5.1235,5.1617,-5.3361,6272264341.92,0.0,0.0,1.13,57735380.0,,,1574697600000
20191127,19659700,4.91,5.04,4.87,4.98,4.992,4.998,5.1125,5.152,-5.4011,6348755370.48,0.06,1.22,1.89,97466519.0,,,1574784000000
20191128,13911200,4.96,4.98,4.89,4.9,4.952,4.991,5.0975,5.137,-5.3144,6246767332.4,-0.08,-1.61,1.33,68519166.0,,,1574870400000
20191129,9838000,4.91,4.94,4.86,4.91,4.926,4.991,5.0655,5.1277,-5.325,6259515837.0,0.01,0.2,0.96,48221566.0,,,1574956800000
20191202,10923773,4.94,4.96,4.91,4.93,4.928,4.985,5.037,5.1207,-5.3469,6285012846.68,0.02,0.41,1.06,53886780.0,,,1575216000000
20191203,16106773,4.92,4.98,4.87,4.97,4.938,4.969,5.0085,5.113,-5.3903,6336006865.72,0.04,0.81,1.52,79269460.0,,,1575302400000
20191204,20896400,4.91,5.03,4.9,5.02,4.946,4.969,4.9975,5.1097,-5.4445,6399749389.52,0.05,1.01,1.98,104109510.0,,,1575388800000
20191205,31508080,5.02,5.1,4.99,5.07,4.98,4.966,4.988,5.1077,-5.4988,6463491913.32,0.05,1.0,3.02,159191275.0,,,1575475200000
20191206,25318100,5.06,5.07,4.97,5.05,5.008,4.967,4.983,5.0983,-5.477,6437994904.0,-0.02,-0.39,2.42,127202191.0,,,1575561600000
20191209,20792300,5.04,5.09,5.02,5.04,5.03,4.979,4.9885,5.0853,-5.4662,6425246399.04,-0.01,-0.2,2.0,104981958.0,,,1575820800000
20191210,38989204,5.08,5.18,5.02,5.15,5.066,5.002,4.995,5.083,-5.5855,6565479951.4,0.11,2.18,3.71,199220207.0,,,1575907200000
20191211,30395565,5.15,5.25,5.08,5.09,5.08,5.013,5.0055,5.0793,-5.5204,6488988922.84,-0.06,-1.17,2.95,156587385.0,,,1575993600000
20191212,25221765,5.1,5.17,5.07,5.1,5.086,5.033,5.012,5.076,-5.5313,6501737427.6,0.01,0.2,2.42,129044821.0,,,1576080000000
20191213,21761119,5.15,5.18,5.09,5.14,5.104,5.056,5.0235,5.0623,-5.575,6552731447.0,0.04,0.78,2.08,111384576.0,,,1576166400000
20191216,56719300,5.15,5.28,5.13,5.28,5.152,5.091,5.038,5.055,-5.7265,6731210513.28,0.14,2.72,5.25,294907936.0,,,1576425600000
20191217,75062554,5.28,5.44,5.23,5.37,5.196,5.131,5.05,5.0493,-5.8241,6845947056.12,0.09,1.7,7.29,401901147.0,,,1576512000000
20191218,49108599,5.38,5.47,5.31,5.37,5.252,5.166,5.0675,5.0537,-5.8241,6845947056.12,0.0,0.0,4.72,264753744.0,,,1576598400000
20191219,48752428,5.4,5.48,5.36,5.46,5.324,5.205,5.0855,5.0603,-5.9217,6960683598.96,0.09,1.68,4.64,263711874.0,,,1576684800000
20191220,51082508,5.45,5.46,5.2,5.21,5.338,5.221,5.094,5.0623,-5.651,6641970980.0,-0.25,-4.58,4.88,271277835.0,,,1576771200000
20191223,31303300,5.19,5.21,5.01,5.01,5.284,5.218,5.0985,5.065,-5.4337,6387000884.76,-0.2,-3.84,3.0,159951363.0,,,1577030400000
20191224,21329362,5.04,5.09,5.01,5.09,5.228,5.212,5.107,5.0673,-5.5204,6488988922.84,0.08,1.6,2.04,107712085.0,,,1577116800000
20191225,26931499,5.08,5.2,5.05,5.12,5.178,5.215,5.114,5.0753,-5.553,6527234437.12,0.03,0.59,2.58,138081497.0,,,1577203200000
20191226,24033843,5.13,5.14,5.05,5.13,5.112,5.218,5.1255,5.0807,-5.5638,6539982941.88,0.01,0.2,2.3,122196480.0,,,1577289600000
20191227,26975200,5.12,5.16,5.01,5.03,5.076,5.207,5.1315,5.0847,-5.4554,6412497894.28,-0.1,-1.95,2.59,137484753.0,,,1577376000000
20191230,23785201,5.0,5.04,4.9,5.03,5.08,5.182,5.1365,5.086,-5.4554,6412497894.28,0.0,0.0,2.29,118516807.0,,,1577635200000
20191231,16810158,5.01,5.09,5.0,5.05,5.072,5.15,5.1405,5.0833,-5.4771,6437994903.8,0.02,0.4,1.61,84971661.0,,,1577721600000
20200102,39769858,5.1,5.2,5.06,5.19,5.086,5.132,5.149,5.089,-5.6289,6616473970.44,0.14,2.77,3.8,204785505.0,,,1577894400000
20200103,41633520,5.22,5.34,5.16,5.22,5.104,5.108,5.1565,5.093,-5.6614,6654719484.72,0.03,0.58,3.95,217587070.0,,,1577980800000
20200106,50253561,5.17,5.33,5.12,5.29,5.156,5.116,5.1685,5.1013,-5.7374,6743959018.04,0.07,1.34,4.83,264554287.0,,,1578240000000
20200107,41283322,5.31,5.37,5.24,5.33,5.216,5.148,5.183,5.115,-5.7807,6794953037.08,0.04,0.76,3.93,218785686.0,,,1578326400000
20200108,42586464,5.29,5.29,5.13,5.15,5.236,5.154,5.183,5.1227,-5.5855,6565479951.4,-0.18,-3.38,4.1,222090929.0,,,1578412800000
20200109,73537300,5.25,5.48,5.22,5.34,5.266,5.176,5.1955,5.1347,-5.7916,6807701541.84,0.19,3.69,7.06,394801632.0,,,1578499200000
20200110,46271300,5.37,5.39,5.2,5.3,5.282,5.193,5.2055,5.148,-5.748,6756707523.0,-0.04,-0.75,4.45,244712955.0,,,1578585600000
20200113,42392220,5.27,5.4,5.18,5.36,5.296,5.226,5.2165,5.163,-5.8133,6833198551.36,0.06,1.13,4.05,224122190.0,,,1578844800000
20200114,35697601,5.38,5.43,5.28,5.29,5.288,5.252,5.217,5.175,-5.7374,6743959018.04,-0.07,-1.31,3.4,190561711.0,,,1578931200000
