stockid,name,onboard_date,type,industry
600000,浦发银行,19991110,沪市A股,银行
600004,白云机场,20030428,沪市A股,交通运输
600006,东风汽车,19990727,沪市A股,汽车
600007,中国国贸,19990312,沪市A股,房地产
600008,首创股份,20000427,沪市A股,公用事业
600009,上海机场,19980218,沪市A股,交通运输
600010,包钢股份,20010309,沪市A股,钢铁
600011,华能国际,20011206,沪市A股,公用事业
600012,皖通高速,20030107,沪市A股,交通运输
600015,华夏银行,20030912,沪市A股,银行
600016,民生银行,20001219,沪市A股,银行
600017,日照港,20061017,沪市A股,交通运输
600018,上港集团,20061026,沪市A股,交通运输
600019,宝钢股份,20001212,沪市A股,钢铁
600020,中原高速,20030808,沪市A股,交通运输
600021,上海电力,20031029,沪市A股,公用事业
600022,山东钢铁,20040629,沪市A股,钢铁
600023,浙能电力,20131219,沪市A股,公用事业
600025,华能水电,20171215,沪市A股,公用事业
600026,中远海能,20020523,沪市A股,交通运输
600027,华电国际,20050203,沪市A股,公用事业
600028,中国石化,20010808,沪市A股,化工
600029,南方航空,20030725,沪市A股,交通运输
600030,中信证券,20030106,沪市A股,非银金融
600031,三一重工,20030703,沪市A股,机械设备
600033,福建高速,20010209,沪市A股,交通运输
600035,楚天高速,20040310,沪市A股,交通运输
600036,招商银行,20020409,沪市A股,银行
600037,歌华有线,20010208,沪市A股,传媒
600038,中直股份,20001218,沪市A股,国防军工
600039,四川路桥,20030325,沪市A股,建筑装饰
600048,保利地产,20060731,沪市A股,房地产
600050,中国联通,20021009,沪市A股,通信
600051,宁波联合,19970410,沪市A股,综合
600052,浙江广厦,19970418,沪市A股,传媒
600053,九鼎投资,19970418,沪市A股,非银金融
600054,黄山旅游,19970506,沪市A股,休闲服务
600055,万东医疗,19970519,沪市A股,医药生物
600056,中国医药,19970515,沪市A股,医药生物
600057,厦门象屿,19970604,沪市A股,交通运输
600058,五矿发展,19970528,沪市A股,商业贸易
600059,古越龙山,19970516,沪市A股,食品饮料
600060,海信视像,19970422,沪市A股,家用电器
600061,国投资本,19970519,沪市A股,非银金融
600062,华润双鹤,19970522,沪市A股,医药生物
600063,皖维高新,19970528,沪市A股,化工
600064,南京高科,19970506,沪市A股,房地产
600066,宇通客车,19970508,沪市A股,汽车
600067,冠城大通,19970508,沪市A股,房地产
600068,葛洲坝,19970526,沪市A股,建筑装饰
600070,浙江富润,19970604,沪市A股,综合
600071,凤凰光学,19970528,沪市A股,电子
600072,中船科技,19970603,沪市A股,国防军工
600073,上海梅林,19970704,沪市A股,食品饮料
600075,新疆天业,19970617,沪市A股,化工
600076,康欣新材,19970526,沪市A股,轻工制造
600077,宋都股份,19970520,沪市A股,房地产
600078,澄星股份,19970627,沪市A股,化工
600079,人福医药,19970606,沪市A股,医药生物
600080,ST金花,19970612,沪市A股,医药生物
600081,东风科技,19970703,沪市A股,汽车
600082,海泰发展,19970620,沪市A股,房地产
600083,*ST博信,19970606,沪市A股,综合
600084,ST中葡,19970711,沪市A股,食品饮料
600085,同仁堂,19970625,沪市A股,医药生物
600086,*ST金钰,19970606,沪市A股,轻工制造
600088,中视传媒,19970616,沪市A股,传媒
600089,特变电工,19970618,沪市A股,电气设备
600090,*ST济堂,19970616,沪市A股,医药生物
600091,ST明科,19970704,沪市A股,化工
600093,易见股份,19970626,沪市A股,非银金融
600094,大名城,19970703,沪市A股,房地产
600095,湘财股份,19970708,沪市A股,非银金融
600096,云天化,19970709,沪市A股,化工
600097,开创国际,19970619,沪市A股,农林牧渔
600098,广州发展,19970718,沪市A股,公用事业
600099,林海股份,19970704,沪市A股,汽车
600100,同方股份,19970627,沪市A股,计算机
600101,明星电力,19970627,沪市A股,公用事业
600103,青山纸业,19970703,沪市A股,轻工制造
600104,上汽集团,19971125,沪市A股,汽车
600105,永鼎股份,19970929,沪市A股,通信
600106,重庆路桥,19970618,沪市A股,交通运输
600107,美尔雅,19971106,沪市A股,纺织服装
600108,亚盛集团,19970818,沪市A股,农林牧渔
600109,国金证券,19970807,沪市A股,非银金融
600110,诺德股份,19971007,沪市A股,电子
600111,北方稀土,19970924,沪市A股,有色金属
600112,ST天成,19971127,沪市A股,电气设备
600113,浙江东日,19971021,沪市A股,商业贸易
600114,东睦股份,20040511,沪市A股,有色金属
600115,东方航空,19971105,沪市A股,交通运输
600116,三峡水利,19970804,沪市A股,公用事业
600117,西宁特钢,19971015,沪市A股,钢铁
600118,中国卫星,19970908,沪市A股,国防军工
600119,ST长投,19980115,沪市A股,交通运输
600120,浙江东方,19971201,沪市A股,非银金融
600121,郑州煤电,19980107,沪市A股,采掘
600122,*ST宏图,19980420,沪市A股,商业贸易
600123,兰花科创,19981217,沪市A股,采掘
600125,铁龙物流,19980511,沪市A股,交通运输
600126,杭钢股份,19980311,沪市A股,钢铁
600127,金健米业,19980506,沪市A股,农林牧渔
600128,弘业股份,19970901,沪市A股,综合
600129,太极集团,19971118,沪市A股,医药生物
600130,波导股份,20000706,沪市A股,通信
600131,国网信通,19980402,沪市A股,公用事业
600132,重庆啤酒,19971030,沪市A股,食品饮料
600133,东湖高新,19980212,沪市A股,建筑装饰
600135,乐凯胶片,19980122,沪市A股,轻工制造
600136,当代文体,19980303,沪市A股,传媒
600137,浪莎股份,19980416,沪市A股,纺织服装
600138,中青旅,19971203,沪市A股,休闲服务
600139,西部资源,19980225,沪市A股,综合
600141,兴发集团,19990616,沪市A股,化工
600143,金发科技,20040623,沪市A股,化工
600145,*ST新亿,19990923,沪市A股,商业贸易
600146,*ST环球,19990707,沪市A股,纺织服装
600148,长春一东,19980520,沪市A股,汽车
600149,ST坊展,19991014,沪市A股,综合
600150,中国船舶,19980520,沪市A股,国防军工
600151,航天机电,19980605,沪市A股,电气设备
600152,维科技术,19980609,沪市A股,电子
600153,建发股份,19980616,沪市A股,交通运输
600155,华创阳安,19980918,沪市A股,非银金融
600156,华升股份,19980527,沪市A股,纺织服装
600157,*ST永泰,19980513,沪市A股,采掘
600158,中体产业,19980327,沪市A股,传媒
600159,大龙地产,19980526,沪市A股,房地产
600160,巨化股份,19980626,沪市A股,化工
600161,天坛生物,19980616,沪市A股,医药生物
600162,香江控股,19980609,沪市A股,房地产
600163,中闽能源,19980602,沪市A股,公用事业
600165,新日恒力,19980529,沪市A股,化工
600166,福田汽车,19980602,沪市A股,汽车
600167,联美控股,19990128,沪市A股,公用事业
600168,武汉控股,19980427,沪市A股,公用事业
600169,太原重工,19980904,沪市A股,机械设备
600170,上海建工,19980623,沪市A股,建筑装饰
600171,上海贝岭,19980924,沪市A股,电子
600172,黄河旋风,19981126,沪市A股,机械设备
600173,卧龙地产,19990415,沪市A股,房地产
600176,中国巨石,19990422,沪市A股,化工
600177,雅戈尔,19981119,沪市A股,房地产
600178,东安动力,19981014,沪市A股,汽车
600179,*ST安通,19981104,沪市A股,交通运输
600180,瑞茂通,19980703,沪市A股,交通运输
600182,S佳通,19990507,沪市A股,化工
600183,生益科技,19981028,沪市A股,电子
600184,光电股份,20031106,沪市A股,国防军工
600185,格力地产,19990611,沪市A股,房地产
600186,莲花健康,19980825,沪市A股,食品饮料
600187,国中水务,19981111,沪市A股,公用事业
600188,兖州煤业,19980701,沪市A股,采掘
600189,泉阳泉,19981007,沪市A股,食品饮料
600190,锦州港,19990609,沪市A股,交通运输
600191,华资实业,19981210,沪市A股,农林牧渔
600192,长城电工,19981224,沪市A股,电气设备
600193,ST创兴,19990527,沪市A股,建筑装饰
600195,中牧股份,19990107,沪市A股,农林牧渔
600196,复星医药,19980807,沪市A股,医药生物
600197,伊力特,19990916,沪市A股,食品饮料
600198,大唐电信,19981021,沪市A股,电子
600199,金种子酒,19980812,沪市A股,食品饮料
600200,江苏吴中,19990401,沪市A股,医药生物
600201,生物股份,19990115,沪市A股,农林牧渔
600202,哈空调,19990603,沪市A股,电气设备
600203,福日电子,19990514,沪市A股,电子
600206,有研新材,19990319,沪市A股,有色金属
600207,安彩高科,19990714,沪市A股,电气设备
600208,新湖中宝,19990623,沪市A股,房地产
600209,ST罗顿,19990325,沪市A股,建筑装饰
600210,紫江企业,19990824,沪市A股,轻工制造
600211,西藏药业,19990721,沪市A股,医药生物
600212,*ST江泉,19990817,沪市A股,综合
600213,亚星客车,19990831,沪市A股,汽车
600215,*ST经开,19990909,沪市A股,房地产
600216,浙江医药,19991021,沪市A股,医药生物
600217,中再资环,19991216,沪市A股,公用事业
600218,全柴动力,19981203,沪市A股,机械设备
600219,南山铝业,19991223,沪市A股,有色金属
600220,江苏阳光,19990927,沪市A股,纺织服装
600221,海航控股,19991125,沪市A股,交通运输
600222,太龙药业,19991105,沪市A股,医药生物
600223,鲁商发展,20000113,沪市A股,房地产
600225,*ST松江,20000127,沪市A股,房地产
600226,*ST瀚叶,19991116,沪市A股,传媒
600227,圣济堂,20000221,沪市A股,医药生物
600228,ST昌九,19990119,沪市A股,化工
600229,城市传媒,20000309,沪市A股,传媒
600230,沧州大化,20000406,沪市A股,化工
600231,凌钢股份,20000511,沪市A股,钢铁
600232,金鹰股份,20000602,沪市A股,纺织服装
600233,圆通速递,20000608,沪市A股,交通运输
600234,ST山水,20000615,沪市A股,综合
600235,民丰特纸,20000615,沪市A股,轻工制造
600236,桂冠电力,20000323,沪市A股,公用事业
600237,铜峰电子,20000609,沪市A股,电子
600238,ST椰岛,20000120,沪市A股,食品饮料
600239,云南城投,19991202,沪市A股,房地产
600241,*ST时万,20001128,沪市A股,电气设备
600242,*ST中昌,20001207,沪市A股,传媒
600243,*ST海华,20001120,沪市A股,机械设备
600246,万通发展,20000922,沪市A股,房地产
600247,*ST成城,20001123,沪市A股,商业贸易
600248,延长化建,20000622,沪市A股,建筑装饰
600249,两面针,20040130,沪市A股,化工
600250,南纺股份,20010306,沪市A股,商业贸易
600251,冠农股份,20030609,沪市A股,农林牧渔
600252,中恒集团,20001130,沪市A股,医药生物
600255,*ST梦舟,20001122,沪市A股,有色金属
600256,广汇能源,20000526,沪市A股,化工
600257,大湖股份,20000612,沪市A股,农林牧渔
600258,首旅酒店,20000601,沪市A股,休闲服务
600259,广晟有色,20000525,沪市A股,有色金属
600260,凯乐科技,20000706,沪市A股,通信
600261,阳光照明,20000720,沪市A股,电子
600262,北方股份,20000630,沪市A股,机械设备
600265,ST景谷,20000825,沪市A股,农林牧渔
600266,城建发展,19990203,沪市A股,房地产
600267,海正药业,20000725,沪市A股,医药生物
600268,国电南自,19991118,沪市A股,电气设备
600269,赣粤高速,20000518,沪市A股,交通运输
600271,航天信息,20030711,沪市A股,计算机
600272,开开实业,19970108,沪市A股,医药生物
600273,嘉化能源,20030627,沪市A股,化工
600275,ST昌鱼,20000810,沪市A股,农林牧渔
600276,恒瑞医药,20001018,沪市A股,医药生物
600277,亿利洁能,20000725,沪市A股,化工
600278,东方创业,20000712,沪市A股,商业贸易
600279,重庆港九,20000731,沪市A股,交通运输
600280,*ST中商,20000926,沪市A股,商业贸易
600281,太化股份,20001109,沪市A股,综合
600282,南钢股份,20000919,沪市A股,钢铁
600283,钱江水利,20001018,沪市A股,公用事业
600284,浦东建设,20040316,沪市A股,建筑装饰
600285,羚锐制药,20001018,沪市A股,医药生物
600287,江苏舜天,20000901,沪市A股,商业贸易
600288,大恒科技,20001129,沪市A股,电子
600289,*ST信通,20000720,沪市A股,通信
600290,*ST华仪,20001106,沪市A股,电气设备
600291,西水股份,20000731,沪市A股,非银金融
600292,远达环保,20001101,沪市A股,公用事业
600293,三峡新材,20000919,沪市A股,通信
600295,鄂尔多斯,19951020,沪市A股,采掘
600297,广汇汽车,20001116,沪市A股,汽车
600298,安琪酵母,20000818,沪市A股,农林牧渔
600299,安迪苏,20000420,沪市A股,化工
600300,维维股份,20000630,沪市A股,食品饮料
600301,ST南化,20000712,沪市A股,商业贸易
600302,标准股份,20001213,沪市A股,机械设备
600303,曙光股份,20001226,沪市A股,汽车
600305,恒顺醋业,20010206,沪市A股,食品饮料
600306,*ST商城,20001226,沪市A股,商业贸易
600307,酒钢宏兴,20001220,沪市A股,钢铁
600308,华泰股份,20000928,沪市A股,轻工制造
600309,万华化学,20000105,沪市A股,化工
600310,桂东电力,20010228,沪市A股,公用事业
600311,*ST荣华,20010626,沪市A股,有色金属
600312,平高电气,20010221,沪市A股,电气设备
600313,农发种业,20010119,沪市A股,农林牧渔
600315,上海家化,20010315,沪市A股,化工
600316,洪都航空,20001215,沪市A股,国防军工
600317,营口港,20020131,沪市A股,交通运输
600318,新力金融,20001208,沪市A股,非银金融
600319,ST亚星,20010326,沪市A股,化工
600320,振华重工,20001221,沪市A股,机械设备
600321,正源股份,20010524,沪市A股,建筑材料
600322,天房发展,20010910,沪市A股,房地产
600323,瀚蓝环境,20001225,沪市A股,公用事业
600325,华发股份,20040225,沪市A股,房地产
600326,西藏天路,20010116,沪市A股,建筑材料
600327,大东方,20020625,沪市A股,汽车
600328,中盐化工,20001222,沪市A股,化工
600329,中新药业,20010606,沪市A股,医药生物
600330,天通股份,20010118,沪市A股,有色金属
600331,宏达股份,20011220,沪市A股,有色金属
600332,白云山,20010206,沪市A股,医药生物
600333,长春燃气,20001211,沪市A股,公用事业
600335,国机汽车,20010305,沪市A股,汽车
600336,澳柯玛,20001229,沪市A股,家用电器
600337,美克家居,20001127,沪市A股,轻工制造
600338,西藏珠峰,20001227,沪市A股,有色金属
600339,中油工程,20001225,沪市A股,采掘
600340,华夏幸福,20031230,沪市A股,房地产
600343,航天动力,20030408,沪市A股,国防军工
600345,长江通信,20001222,沪市A股,通信
600346,恒力石化,20010820,沪市A股,化工
600348,阳泉煤业,20030821,沪市A股,采掘
600350,山东高速,20020318,沪市A股,交通运输
600351,亚宝药业,20020926,沪市A股,医药生物
600352,浙江龙盛,20030801,沪市A股,化工
600353,旭光电子,20021120,沪市A股,电子
600354,*ST敦种,20040115,沪市A股,农林牧渔
600355,精伦电子,20020613,沪市A股,通信
600356,恒丰纸业,20010419,沪市A股,轻工制造
600358,*ST联合,20000922,沪市A股,休闲服务
600359,新农开发,19990429,沪市A股,农林牧渔
600360,华微电子,20010316,沪市A股,电子
600361,华联综超,20011129,沪市A股,商业贸易
600362,江西铜业,20020111,沪市A股,有色金属
600363,联创光电,20010329,沪市A股,电子
600365,ST通葡,20010115,沪市A股,食品饮料
600366,宁波韵升,20001030,沪市A股,有色金属
600367,红星发展,20010320,沪市A股,化工
600368,五洲交通,20001221,沪市A股,交通运输
600369,西南证券,20010109,沪市A股,非银金融
600370,三房巷,20030306,沪市A股,纺织服装
600371,万向德农,20020916,沪市A股,农林牧渔
600372,中航电子,20010706,沪市A股,国防军工
600373,中文传媒,20020304,沪市A股,传媒
600375,华菱星马,20030401,沪市A股,机械设备
600376,首开股份,20010312,沪市A股,房地产
600377,宁沪高速,20010116,沪市A股,交通运输
600378,昊华科技,20010111,沪市A股,化工
600379,宝光股份,20020116,沪市A股,电气设备
600380,健康元,20010608,沪市A股,医药生物
600381,青海春天,20010508,沪市A股,食品饮料
600382,广东明珠,20010118,沪市A股,综合
600383,金地集团,20010412,沪市A股,房地产
600385,ST金泰,20010723,沪市A股,有色金属
600386,北巴传媒,20010216,沪市A股,传媒
600387,海越能源,20040218,沪市A股,化工
600388,龙净环保,20001229,沪市A股,机械设备
600389,江山股份,20010110,沪市A股,化工
600390,五矿资本,20010115,沪市A股,非银金融
600391,航发科技,20011212,沪市A股,国防军工
600392,盛和资源,20030529,沪市A股,有色金属
600393,粤泰股份,20010319,沪市A股,房地产
600395,盘江股份,20010531,沪市A股,采掘
600396,金山股份,20010328,沪市A股,公用事业
600397,安源煤业,20020702,沪市A股,采掘
600398,海澜之家,20001228,沪市A股,纺织服装
600399,ST抚钢,20001229,沪市A股,钢铁
600400,红豆股份,20010108,沪市A股,纺织服装
600403,大有能源,20031009,沪市A股,采掘
600405,动力源,20040401,沪市A股,电气设备
600406,国电南瑞,20031016,沪市A股,电气设备
600408,ST安泰,20030212,沪市A股,采掘
600409,三友化工,20030618,沪市A股,化工
600410,华胜天成,20040427,沪市A股,计算机
600415,小商品城,20020509,沪市A股,商业贸易
600416,*ST湘电,20020718,沪市A股,电气设备
600418,江淮汽车,20010824,沪市A股,汽车
600419,天润乳业,20010628,沪市A股,食品饮料
600420,现代制药,20040616,沪市A股,医药生物
600421,ST华嵘,20040607,沪市A股,机械设备
600422,昆药集团,20001206,沪市A股,医药生物
600423,ST柳化,20030717,沪市A股,化工
600425,青松建化,20030724,沪市A股,建筑材料
600426,华鲁恒升,20020620,沪市A股,化工
600428,中远海特,20020418,沪市A股,交通运输
600429,三元股份,20030915,沪市A股,食品饮料
600433,冠豪高新,20030619,沪市A股,轻工制造
600435,北方导航,20030704,沪市A股,国防军工
600436,片仔癀,20030616,沪市A股,医药生物
600438,通威股份,20040302,沪市A股,电气设备
600439,瑞贝卡,20030710,沪市A股,轻工制造
600444,国机通用,20040219,沪市A股,机械设备
600446,金证股份,20031224,沪市A股,计算机
600448,华纺股份,20010903,沪市A股,纺织服装
600449,宁夏建材,20030829,沪市A股,建筑材料
600452,涪陵电力,20040303,沪市A股,公用事业
600455,博通股份,20040329,沪市A股,传媒
600456,宝钛股份,20020412,沪市A股,有色金属
600458,时代新材,20021219,沪市A股,化工
600459,贵研铂业,20030516,沪市A股,有色金属
600460,士兰微,20030311,沪市A股,电子
600461,洪城水业,20040601,沪市A股,公用事业
600462,*ST九有,20030903,沪市A股,通信
600463,空港股份,20040318,沪市A股,房地产
600466,蓝光发展,20010212,沪市A股,房地产
600467,好当家,20040405,沪市A股,农林牧渔
600468,百利电气,20010615,沪市A股,电气设备
600469,风神股份,20031021,沪市A股,化工
600470,*ST六化,20040305,沪市A股,化工
600475,华光环能,20030721,沪市A股,电气设备
600476,湘邮科技,20031210,沪市A股,计算机
600477,杭萧钢构,20031110,沪市A股,建筑装饰
600478,科力远,20030918,沪市A股,电子
600479,千金药业,20040312,沪市A股,医药生物
600480,凌云股份,20030815,沪市A股,汽车
600481,双良节能,20030422,沪市A股,机械设备
600482,中国动力,20040714,沪市A股,国防军工
600483,福能股份,20040531,沪市A股,公用事业
600486,扬农化工,20020425,沪市A股,化工
600487,亨通光电,20030822,沪市A股,通信
600488,天药股份,20010618,沪市A股,医药生物
600489,中金黄金,20030814,沪市A股,有色金属
600490,鹏欣资源,20030626,沪市A股,有色金属
600491,龙元建设,20040524,沪市A股,建筑装饰
600493,凤竹纺织,20040421,沪市A股,纺织服装
600495,晋西车轴,20040526,沪市A股,机械设备
600496,精工钢构,20020605,沪市A股,建筑装饰
600497,驰宏锌锗,20040420,沪市A股,有色金属
600498,烽火通信,20010823,沪市A股,通信
600499,科达制造,20021010,沪市A股,机械设备
600500,中化国际,20000301,沪市A股,化工
600501,航天晨光,20010615,沪市A股,机械设备
600502,安徽建工,20030415,沪市A股,建筑装饰
600503,华丽家族,20020709,沪市A股,房地产
600505,西昌电力,20020530,沪市A股,公用事业
600506,香梨股份,20011226,沪市A股,农林牧渔
600507,方大特钢,20030930,沪市A股,钢铁
600508,上海能源,20010829,沪市A股,采掘
600509,天富能源,20020228,沪市A股,公用事业
600510,黑牡丹,20020618,沪市A股,房地产
600511,国药股份,20021127,沪市A股,医药生物
600512,腾达建设,20021226,沪市A股,建筑装饰
600513,联环药业,20030319,沪市A股,医药生物
600515,海航基础,20020806,沪市A股,房地产
600516,方大炭素,20020830,沪市A股,有色金属
600517,国网英大,20031010,沪市A股,电气设备
600518,ST康美,20010319,沪市A股,医药生物
600519,贵州茅台,20010827,沪市A股,食品饮料
600520,文一科技,20020108,沪市A股,机械设备
600521,华海药业,20030304,沪市A股,医药生物
600522,中天科技,20021024,沪市A股,通信
600523,贵航股份,20011227,沪市A股,汽车
600525,长园集团,20021202,沪市A股,电气设备
600526,菲达环保,20020722,沪市A股,机械设备
600527,江南高纤,20031127,沪市A股,化工
600528,中铁工业,20010528,沪市A股,机械设备
600529,山东药玻,20020603,沪市A股,医药生物
600530,*ST交昂,20010702,沪市A股,医药生物
600531,豫光金铅,20020730,沪市A股,有色金属
600532,宏达矿业,20021031,沪市A股,采掘
600533,栖霞建设,20020328,沪市A股,房地产
600535,天士力,20020823,沪市A股,医药生物
600536,中国软件,20020517,沪市A股,计算机
600537,亿晶光电,20030123,沪市A股,电气设备
600538,国发股份,20030114,沪市A股,医药生物
600539,ST狮头,20010824,沪市A股,轻工制造
600540,新赛股份,20040107,沪市A股,农林牧渔
600543,莫高股份,20040324,沪市A股,食品饮料
600545,卓郎智能,20031203,沪市A股,机械设备
600546,山煤国际,20030731,沪市A股,采掘
600547,山东黄金,20030828,沪市A股,有色金属
600548,深高速,20011225,沪市A股,交通运输
600549,厦门钨业,20021107,沪市A股,有色金属
600550,保变电气,20010228,沪市A股,电气设备
600551,时代出版,20020905,沪市A股,传媒
600552,凯盛科技,20021108,沪市A股,电子
600555,*ST海创,20010328,沪市A股,休闲服务
600556,天下秀,20010807,沪市A股,传媒
600557,康缘药业,20020918,沪市A股,医药生物
600558,大西洋,20010227,沪市A股,机械设备
600559,老白干酒,20021029,沪市A股,食品饮料
600560,金自天正,20020919,沪市A股,机械设备
600561,江西长运,20020716,沪市A股,交通运输
600562,国睿科技,20030128,沪市A股,国防军工
600563,法拉电子,20021210,沪市A股,电子
600565,迪马股份,20020723,沪市A股,房地产
600566,济川药业,20010822,沪市A股,医药生物
600567,山鹰国际,20011218,沪市A股,轻工制造
600568,*ST中珠,20010518,沪市A股,房地产
600569,安阳钢铁,20010820,沪市A股,钢铁
600570,恒生电子,20031216,沪市A股,计算机
600571,信雅达,20021101,沪市A股,计算机
600572,康恩贝,20040412,沪市A股,医药生物
600573,惠泉啤酒,20030226,沪市A股,食品饮料
600575,淮河能源,20030328,沪市A股,交通运输
600576,祥源文化,20030220,沪市A股,传媒
600577,精达股份,20020911,沪市A股,电气设备
600578,京能电力,20020510,沪市A股,公用事业
600579,克劳斯,20020809,沪市A股,机械设备
600580,卧龙电驱,20020606,沪市A股,电气设备
600581,八一钢铁,20020816,沪市A股,钢铁
600582,天地科技,20020515,沪市A股,机械设备
600583,海油工程,20020205,沪市A股,采掘
600584,长电科技,20030603,沪市A股,电子
600585,海螺水泥,20020207,沪市A股,建筑材料
600586,金晶科技,20020815,沪市A股,建筑材料
600587,新华医疗,20020927,沪市A股,医药生物
600588,用友网络,20010518,沪市A股,计算机
600589,广东榕泰,20010612,沪市A股,化工
600590,泰豪科技,20020703,沪市A股,电气设备
600592,龙溪股份,20020805,沪市A股,机械设备
600593,大连圣亚,20020711,沪市A股,休闲服务
600594,益佰制药,20040323,沪市A股,医药生物
600595,ST中孚,20020626,沪市A股,有色金属
600596,新安股份,20010906,沪市A股,化工
600597,光明乳业,20020828,沪市A股,食品饮料
600598,北大荒,20020329,沪市A股,农林牧渔
600599,*ST熊猫,20010828,沪市A股,非银金融
600600,青岛啤酒,19930827,沪市A股,食品饮料
600601,方正科技,19901219,沪市A股,电子
600602,云赛智联,19901219,沪市A股,计算机
600603,广汇物流,19920113,沪市A股,综合
600604,市北高新,19920327,沪市A股,房地产
600605,汇通能源,19920327,沪市A股,商业贸易
600606,绿地控股,19920327,沪市A股,房地产
600608,ST沪科,19920327,沪市A股,商业贸易
600609,金杯汽车,19920724,沪市A股,汽车
600610,ST毅达,19920805,沪市A股,建筑装饰
600611,大众交通,19920807,沪市A股,交通运输
600612,老凤祥,19920814,沪市A股,轻工制造
600613,神奇制药,19920820,沪市A股,医药生物
600615,丰华股份,19920910,沪市A股,有色金属
600616,金枫酒业,19920929,沪市A股,食品饮料
600617,国新能源,19921013,沪市A股,公用事业
600618,氯碱化工,19921113,沪市A股,化工
600619,海立股份,19921113,沪市A股,家用电器
600620,天宸股份,19921117,沪市A股,综合
600621,华鑫股份,19921202,沪市A股,非银金融
600622,光大嘉宝,19921203,沪市A股,房地产
600623,华谊集团,19921204,沪市A股,化工
600624,复旦复华,19930105,沪市A股,综合
600626,申达股份,19930107,沪市A股,汽车
600628,新世界,19930109,沪市A股,商业贸易
600629,华建集团,19930209,沪市A股,建筑装饰
600630,龙头股份,19930209,沪市A股,纺织服装
600633,浙数文化,19930304,沪市A股,传媒
600634,*ST富控,19930304,沪市A股,传媒
600635,大众公用,19930304,沪市A股,公用事业
600636,国新文化,19930316,沪市A股,传媒
600637,东方明珠,19930316,沪市A股,传媒
600638,新黄浦,19930326,沪市A股,房地产
600639,浦东金桥,19930326,沪市A股,房地产
600640,号百控股,19930407,沪市A股,传媒
600641,万业企业,19930407,沪市A股,房地产
600642,申能股份,19930416,沪市A股,公用事业
600643,爱建集团,19930426,沪市A股,非银金融
600644,乐山电力,19930426,沪市A股,公用事业
600645,中源协和,19930504,沪市A股,医药生物
600647,同达创业,19930504,沪市A股,房地产
600648,外高桥,19930504,沪市A股,房地产
600649,城投控股,19930518,沪市A股,房地产
600650,锦江投资,19930607,沪市A股,交通运输
600651,*ST飞乐,19860926,沪市A股,电子
600652,ST游久,19901219,沪市A股,传媒
600653,申华控股,19901219,沪市A股,汽车
600654,ST中安,19901219,沪市A股,计算机
600655,豫园股份,19920902,沪市A股,商业贸易
600657,信达地产,19930524,沪市A股,房地产
600658,电子城,19930524,沪市A股,房地产
600660,福耀玻璃,19930610,沪市A股,汽车
600661,昂立教育,19930614,沪市A股,传媒
600662,强生控股,19930614,沪市A股,交通运输
600663,陆家嘴,19930628,沪市A股,房地产
600664,哈药股份,19930629,沪市A股,医药生物
600665,天地源,19930709,沪市A股,房地产
600666,ST瑞德,19930712,沪市A股,电子
600667,太极实业,19930728,沪市A股,电子
600668,尖峰集团,19930728,沪市A股,建筑材料
600671,*ST目药,19930823,沪市A股,医药生物
600673,东阳光,19930917,沪市A股,医药生物
600674,川投能源,19930924,沪市A股,公用事业
600675,中华企业,19930924,沪市A股,房地产
600676,交运股份,19930928,沪市A股,汽车
600678,四川金顶,19931008,沪市A股,建筑材料
600679,上海凤凰,19931008,沪市A股,汽车
600681,百川能源,19931018,沪市A股,公用事业
600682,南京新百,19931018,沪市A股,医药生物
600683,京投发展,19931025,沪市A股,房地产
600684,珠江实业,19931028,沪市A股,房地产
600685,中船防务,19931028,沪市A股,国防军工
600686,金龙汽车,19931108,沪市A股,汽车
600687,*ST刚泰,19931108,沪市A股,有色金属
600688,上海石化,19931108,沪市A股,化工
600689,上海三毛,19931108,沪市A股,纺织服装
600690,海尔智家,19931119,沪市A股,家用电器
600691,阳煤化工,19931119,沪市A股,化工
600692,亚通股份,19931119,沪市A股,房地产
600693,东百集团,19931122,沪市A股,商业贸易
600694,大商股份,19931122,沪市A股,商业贸易
600695,绿庭投资,19931122,沪市A股,非银金融
600696,ST岩石,19931206,沪市A股,非银金融
600697,欧亚集团,19931206,沪市A股,商业贸易
600698,ST天雁,19931206,沪市A股,汽车
600699,均胜电子,19931206,沪市A股,汽车
600702,ST舍得,19960524,沪市A股,食品饮料
600703,三安光电,19960528,沪市A股,电子
600704,物产中大,19960606,沪市A股,交通运输
600705,中航资本,19960516,沪市A股,非银金融
600706,曲江文旅,19960516,沪市A股,休闲服务
600707,彩虹股份,19960520,沪市A股,电子
600708,光明地产,19960606,沪市A股,房地产
600710,苏美达,19960701,沪市A股,商业贸易
600711,盛屯矿业,19960531,沪市A股,有色金属
600712,南宁百货,19960626,沪市A股,商业贸易
600713,南京医药,19960701,沪市A股,医药生物
600714,金瑞矿业,19960606,沪市A股,化工
600715,文投控股,19960701,沪市A股,传媒
600716,凤凰股份,19960702,沪市A股,房地产
600717,天津港,19960614,沪市A股,交通运输
600718,东软集团,19960618,沪市A股,计算机
600719,大连热电,19960716,沪市A股,公用事业
600720,祁连山,19960716,沪市A股,建筑材料
600721,ST百花,19960626,沪市A股,医药生物
600722,金牛化工,19960626,沪市A股,化工
600723,首商股份,19960716,沪市A股,商业贸易
600724,宁波富达,19960716,沪市A股,房地产
600725,ST云维,19960702,沪市A股,采掘
600726,华电能源,19960701,沪市A股,公用事业
600727,鲁北化工,19960702,沪市A股,化工
600728,佳都科技,19960716,沪市A股,计算机
600729,重庆百货,19960702,沪市A股,商业贸易
600730,中国高科,19960726,沪市A股,综合
600731,湖南海利,19960802,沪市A股,化工
600732,爱旭股份,19960816,沪市A股,房地产
600733,北汽蓝谷,19960816,沪市A股,汽车
600734,*ST实达,19960808,沪市A股,通信
600735,新华锦,19960726,沪市A股,轻工制造
600736,苏州高新,19960815,沪市A股,房地产
600737,中粮糖业,19960731,沪市A股,农林牧渔
600738,兰州民百,19960802,沪市A股,商业贸易
600739,辽宁成大,19960819,沪市A股,医药生物
600740,山西焦化,19960808,沪市A股,采掘
600741,华域汽车,19960826,沪市A股,汽车
600742,一汽富维,19960826,沪市A股,汽车
600743,华远地产,19960909,沪市A股,房地产
600744,华银电力,19960905,沪市A股,公用事业
600745,闻泰科技,19960828,沪市A股,电子
600746,江苏索普,19960918,沪市A股,化工
600748,上实发展,19960925,沪市A股,房地产
600749,西藏旅游,19961015,沪市A股,休闲服务
600750,江中药业,19960923,沪市A股,医药生物
600751,海航科技,19960909,沪市A股,电子
600753,东方银星,19960927,沪市A股,商业贸易
600754,锦江酒店,19961011,沪市A股,休闲服务
600755,厦门国贸,19961003,沪市A股,商业贸易
600756,浪潮软件,19960923,沪市A股,计算机
600757,长江传媒,19961003,沪市A股,传媒
600758,辽宁能源,19961029,沪市A股,采掘
600759,洲际油气,19961008,沪市A股,采掘
600760,中航沈飞,19961011,沪市A股,国防军工
600761,安徽合力,19961009,沪市A股,机械设备
600763,通策医疗,19961030,沪市A股,医药生物
600764,中国海防,19961104,沪市A股,国防军工
600765,中航重机,19961106,沪市A股,国防军工
600766,园城黄金,19961028,沪市A股,有色金属
600767,ST运盛,19961115,沪市A股,医药生物
600768,宁波富邦,19961111,沪市A股,有色金属
600769,祥龙电业,19961101,沪市A股,建筑装饰
600770,综艺股份,19961120,沪市A股,综合
600771,广誉远,19961105,沪市A股,医药生物
600773,西藏城投,19961108,沪市A股,房地产
600774,汉商集团,19961108,沪市A股,商业贸易
600775,南京熊猫,19961118,沪市A股,通信
600776,东方通信,19961126,沪市A股,通信
600777,新潮能源,19961121,沪市A股,采掘
600778,友好集团,19961203,沪市A股,商业贸易
600779,水井坊,19961206,沪市A股,食品饮料
600780,通宝能源,19961205,沪市A股,公用事业
600781,*ST辅仁,19961218,沪市A股,医药生物
600782,新钢股份,19961225,沪市A股,钢铁
600783,鲁信创投,19961225,沪市A股,非银金融
600784,鲁银投资,19961225,沪市A股,综合
600785,新华百货,19970108,沪市A股,商业贸易
600787,中储股份,19970121,沪市A股,交通运输
600789,鲁抗医药,19970226,沪市A股,医药生物
600790,轻纺城,19970228,沪市A股,商业贸易
600791,京能置业,19970130,沪市A股,房地产
600792,云煤能源,19970123,沪市A股,采掘
600793,宜宾纸业,19970220,沪市A股,轻工制造
600794,保税科技,19970306,沪市A股,交通运输
600795,国电电力,19970318,沪市A股,公用事业
600796,钱江生化,19970408,沪市A股,医药生物
600797,浙大网新,19970418,沪市A股,计算机
600798,宁波海运,19970423,沪市A股,交通运输
600800,天津磁卡,19931206,沪市A股,计算机
600801,华新水泥,19940103,沪市A股,建筑材料
600802,福建水泥,19940103,沪市A股,建筑材料
600803,新奥股份,19940103,沪市A股,公用事业
600804,鹏博士,19940103,沪市A股,通信
600805,悦达投资,19940103,沪市A股,综合
600807,济南高新,19940103,沪市A股,房地产
600808,马钢股份,19940106,沪市A股,钢铁
600809,山西汾酒,19940106,沪市A股,食品饮料
600810,神马股份,19940106,沪市A股,化工
600811,东方集团,19940106,沪市A股,综合
600812,华北制药,19940114,沪市A股,医药生物
600814,杭州解百,19940114,沪市A股,商业贸易
600815,*ST厦工,19940128,沪市A股,机械设备
600816,*ST安信,19940128,沪市A股,非银金融
600817,ST宏盛,19940128,沪市A股,综合
600818,中路股份,19940128,沪市A股,综合
600819,耀皮玻璃,19940128,沪市A股,建筑材料
600820,隧道股份,19940128,沪市A股,建筑装饰
600821,*ST劝业,19940128,沪市A股,商业贸易
600822,上海物贸,19940204,沪市A股,商业贸易
600823,世茂股份,19940204,沪市A股,房地产
600824,益民集团,19940204,沪市A股,纺织服装
600825,新华传媒,19940204,沪市A股,传媒
600826,兰生股份,19940204,沪市A股,商业贸易
600827,百联股份,19940204,沪市A股,商业贸易
600828,茂业商业,19940224,沪市A股,商业贸易
600829,人民同泰,19940224,沪市A股,医药生物
600830,香溢融通,19940224,沪市A股,非银金融
600831,广电网络,19940224,沪市A股,传媒
600833,第一医药,19940224,沪市A股,医药生物
600834,申通地铁,19940224,沪市A股,交通运输
600835,上海机电,19940224,沪市A股,机械设备
600836,*ST界龙,19940224,沪市A股,轻工制造
600837,海通证券,19940224,沪市A股,非银金融
600838,上海九百,19940224,沪市A股,商业贸易
600839,四川长虹,19940311,沪市A股,家用电器
600841,上柴股份,19940311,沪市A股,机械设备
600843,上工申贝,19940311,沪市A股,机械设备
600844,丹化科技,19940311,沪市A股,化工
600845,宝信软件,19940311,沪市A股,计算机
600846,同济科技,19940311,沪市A股,建筑装饰
600847,万里股份,19940324,沪市A股,电气设备
600848,上海临港,19940324,沪市A股,房地产
600850,华东电脑,19940324,沪市A股,计算机
600851,海欣股份,19940404,沪市A股,医药生物
600853,龙建股份,19940404,沪市A股,建筑装饰
600854,春兰股份,19940425,沪市A股,家用电器
600855,航天长峰,19940425,沪市A股,计算机
600856,*ST中天,19940425,沪市A股,公用事业
600857,宁波中百,19940425,沪市A股,商业贸易
600858,银座股份,19940506,沪市A股,商业贸易
600859,王府井,19940506,沪市A股,商业贸易
600860,*ST京城,19940506,沪市A股,机械设备
600861,北京城乡,19940520,沪市A股,商业贸易
600862,中航高科,19940520,沪市A股,国防军工
600863,内蒙华电,19940520,沪市A股,公用事业
600864,哈投股份,19940809,沪市A股,非银金融
600865,百大集团,19940809,沪市A股,商业贸易
600866,星湖科技,19940818,沪市A股,食品饮料
600867,通化东宝,19940824,沪市A股,医药生物
600868,梅雁吉祥,19940912,沪市A股,公用事业
600869,智慧能源,19950206,沪市A股,电气设备
600870,ST厦华,19950228,沪市A股,商业贸易
600871,石化油服,19950411,沪市A股,采掘
600872,中炬高新,19950124,沪市A股,食品饮料
600873,梅花生物,19950217,沪市A股,农林牧渔
600874,创业环保,19950630,沪市A股,公用事业
600875,东方电气,19951010,沪市A股,电气设备
600876,洛阳玻璃,19951031,沪市A股,建筑材料
600877,ST电能,19951013,沪市A股,汽车
600879,航天电子,19951115,沪市A股,国防军工
600880,博瑞传播,19951115,沪市A股,传媒
600881,亚泰集团,19951115,沪市A股,建筑材料
600882,妙可蓝多,19951206,沪市A股,食品饮料
600883,博闻科技,19951208,沪市A股,建筑材料
600884,杉杉股份,19960130,沪市A股,电子
600885,宏发股份,19960205,沪市A股,电气设备
600886,国投电力,19960118,沪市A股,公用事业
600887,伊利股份,19960312,沪市A股,食品饮料
600888,新疆众和,19960215,沪市A股,有色金属
600889,南京化纤,19960308,沪市A股,化工
600890,中房股份,19960318,沪市A股,房地产
600892,*ST大晟,19960315,沪市A股,传媒
600893,航发动力,19960408,沪市A股,国防军工
600894,广日股份,19960328,沪市A股,机械设备
600895,张江高科,19960422,沪市A股,房地产
600896,览海医疗,19960503,沪市A股,医药生物
600897,厦门空港,19960531,沪市A股,交通运输
600898,*ST美讯,19960418,沪市A股,商业贸易
600900,长江电力,20031118,沪市A股,公用事业
600901,江苏租赁,20180301,沪市A股,非银金融
600903,贵州燃气,20171107,沪市A股,公用事业
600908,无锡银行,20160923,沪市A股,银行
600909,华安证券,20161206,沪市A股,非银金融
600917,重庆燃气,20140930,沪市A股,公用事业
600918,中泰证券,20200603,沪市A股,非银金融
600919,江苏银行,20160802,沪市A股,银行
600926,杭州银行,20161027,沪市A股,银行
600928,西安银行,20190301,沪市A股,银行
600929,雪天盐业,20180326,沪市A股,化工
600933,爱柯迪,20171117,沪市A股,汽车
600936,广西广电,20160815,沪市A股,传媒
600939,重庆建工,20170221,沪市A股,建筑装饰
600956,新天绿能,20200629,沪市A股,公用事业
600958,东方证券,20150323,沪市A股,非银金融
600959,江苏有线,20150428,沪市A股,传媒
600960,渤海汽车,20040407,沪市A股,汽车
600961,株冶集团,20040830,沪市A股,有色金属
600962,国投中鲁,20040622,沪市A股,农林牧渔
600963,岳阳林纸,20040525,沪市A股,轻工制造
600965,福成股份,20040713,沪市A股,休闲服务
600966,博汇纸业,20040608,沪市A股,轻工制造
600967,内蒙一机,20040518,沪市A股,国防军工
600968,海油发展,20190626,沪市A股,采掘
600969,郴电国际,20040408,沪市A股,公用事业
600970,中材国际,20050412,沪市A股,建筑装饰
600971,恒源煤电,20040817,沪市A股,采掘
600973,宝胜股份,20040802,沪市A股,电气设备
600975,新五丰,20040609,沪市A股,农林牧渔
600976,健民集团,20040419,沪市A股,医药生物
600977,中国电影,20160809,沪市A股,传媒
600978,*ST宜生,20040824,沪市A股,轻工制造
600979,广安爱众,20040906,沪市A股,公用事业
600980,北矿科技,20040512,沪市A股,有色金属
600981,汇鸿集团,20040630,沪市A股,商业贸易
600982,宁波热电,20040706,沪市A股,公用事业
600983,惠而浦,20040727,沪市A股,家用电器
600984,建设机械,20040707,沪市A股,机械设备
600985,淮北矿业,20040428,沪市A股,采掘
600986,科达股份,20040426,沪市A股,传媒
600987,航民股份,20040809,沪市A股,纺织服装
600988,赤峰黄金,20040414,沪市A股,有色金属
600989,宝丰能源,20190516,沪市A股,采掘
600990,四创电子,20040510,沪市A股,国防军工
600992,贵绳股份,20040514,沪市A股,机械设备
600993,马应龙,20040517,沪市A股,医药生物
600995,文山电力,20040615,沪市A股,公用事业
600996,贵广网络,20161226,沪市A股,传媒
600997,开滦股份,20040602,沪市A股,采掘
600998,九州通,20101102,沪市A股,医药生物
600999,招商证券,20091117,沪市A股,非银金融
601000,唐山港,20100705,沪市A股,交通运输
601001,大同煤业,20060623,沪市A股,采掘
601002,晋亿实业,20070126,沪市A股,机械设备
601003,柳钢股份,20070227,沪市A股,钢铁
601005,重庆钢铁,20070228,沪市A股,钢铁
601006,大秦铁路,20060801,沪市A股,交通运输
601007,金陵饭店,20070406,沪市A股,休闲服务
601008,连云港,20070426,沪市A股,交通运输
601009,南京银行,20070719,沪市A股,银行
601010,文峰股份,20110603,沪市A股,商业贸易
601011,宝泰隆,20110309,沪市A股,采掘
601012,隆基股份,20120411,沪市A股,电气设备
601015,陕西黑猫,20141105,沪市A股,采掘
601016,节能风电,20140929,沪市A股,公用事业
601018,宁波港,20100928,沪市A股,交通运输
601019,山东出版,20171122,沪市A股,传媒
601020,华钰矿业,20160316,沪市A股,有色金属
601021,春秋航空,20150121,沪市A股,交通运输
601028,玉龙股份,20111107,沪市A股,机械设备
601038,一拖股份,20120808,沪市A股,机械设备
601058,赛轮轮胎,20110630,沪市A股,化工
601066,中信建投,20180620,沪市A股,非银金融
601068,中铝国际,20180831,沪市A股,建筑装饰
601069,西部黄金,20150122,沪市A股,有色金属
601077,渝农商行,20191029,沪市A股,银行
601086,国芳集团,20170929,沪市A股,商业贸易
601088,中国神华,20071009,沪市A股,采掘
601098,中南传媒,20101028,沪市A股,传媒
601099,太平洋,20071228,沪市A股,非银金融
601100,恒立液压,20111028,沪市A股,机械设备
601101,昊华能源,20100331,沪市A股,采掘
601106,中国一重,20100209,沪市A股,机械设备
601107,四川成渝,20090727,沪市A股,交通运输
601108,财通证券,20171024,沪市A股,非银金融
601111,中国国航,20060818,沪市A股,交通运输
601113,ST华鼎,20110509,沪市A股,商业贸易
601116,三江购物,20110302,沪市A股,商业贸易
601117,中国化学,20100107,沪市A股,建筑装饰
601118,海南橡胶,20110107,沪市A股,农林牧渔
601126,四方股份,20101231,沪市A股,电气设备
601127,小康股份,20160615,沪市A股,汽车
601128,常熟银行,20160930,沪市A股,银行
601137,博威合金,20110127,沪市A股,有色金属
601138,工业富联,20180608,沪市A股,电子
601139,深圳燃气,20091225,沪市A股,公用事业
601155,新城控股,20151204,沪市A股,房地产
601158,重庆水务,20100329,沪市A股,公用事业
601162,天风证券,20181019,沪市A股,非银金融
601163,三角轮胎,20160909,沪市A股,化工
601166,兴业银行,20070205,沪市A股,银行
601168,西部矿业,20070712,沪市A股,有色金属
601169,北京银行,20070919,沪市A股,银行
601177,杭齿前进,20101011,沪市A股,机械设备
601179,中国西电,20100128,沪市A股,电气设备
601186,中国铁建,20080310,沪市A股,建筑装饰
601187,厦门银行,20201027,沪市A股,银行
601188,龙江交通,20100319,沪市A股,交通运输
601198,东兴证券,20150226,沪市A股,非银金融
601199,江南水务,20110317,沪市A股,公用事业
601200,上海环境,20170331,沪市A股,公用事业
601208,东材科技,20110520,沪市A股,化工
601211,国泰君安,20150626,沪市A股,非银金融
601212,白银有色,20170215,沪市A股,有色金属
601216,君正集团,20110222,沪市A股,化工
601218,吉鑫科技,20110506,沪市A股,电气设备
601222,林洋能源,20110808,沪市A股,电气设备
601225,陕西煤业,20140128,沪市A股,采掘
601226,华电重工,20141211,沪市A股,建筑装饰
601228,广州港,20170329,沪市A股,交通运输
601229,上海银行,20161116,沪市A股,银行
601231,环旭电子,20120220,沪市A股,电子
601233,桐昆股份,20110518,沪市A股,化工
601236,红塔证券,20190705,沪市A股,非银金融
601238,广汽集团,20120329,沪市A股,汽车
601258,ST庞大,20110428,沪市A股,汽车
601288,农业银行,20100715,沪市A股,银行
601298,青岛港,20190121,沪市A股,交通运输
601311,骆驼股份,20110602,沪市A股,汽车
601318,中国平安,20070301,沪市A股,非银金融
601319,中国人保,20181116,沪市A股,非银金融
601326,秦港股份,20170816,沪市A股,交通运输
601328,交通银行,20070515,沪市A股,银行
601330,绿色动力,20180611,沪市A股,公用事业
601333,广深铁路,20061222,沪市A股,交通运输
601336,新华保险,20111216,沪市A股,非银金融
601339,百隆东方,20120612,沪市A股,纺织服装
601360,三六零,20120116,沪市A股,计算机
601366,利群股份,20170412,沪市A股,商业贸易
601368,绿城水务,20150612,沪市A股,公用事业
601369,陕鼓动力,20100428,沪市A股,机械设备
601375,中原证券,20170103,沪市A股,非银金融
601377,兴业证券,20101013,沪市A股,非银金融
601388,怡球资源,20120423,沪市A股,有色金属
601390,中国中铁,20071203,沪市A股,建筑装饰
601398,工商银行,20061027,沪市A股,银行
601399,ST国重装,20200608,沪市A股,机械设备
601456,国联证券,20200731,沪市A股,非银金融
601500,通用股份,20160919,沪市A股,化工
601512,中新集团,20191220,沪市A股,房地产
601515,东风股份,20120216,沪市A股,轻工制造
601518,吉林高速,20100319,沪市A股,交通运输
601519,大智慧,20110128,沪市A股,计算机
601555,东吴证券,20111212,沪市A股,非银金融
601566,九牧王,20110530,沪市A股,纺织服装
601567,三星医疗,20110615,沪市A股,电气设备
601568,北元集团,20201020,沪市A股,化工
601577,长沙银行,20180926,沪市A股,银行
601579,会稽山,20140825,沪市A股,食品饮料
601588,北辰实业,20061016,沪市A股,房地产
601595,上海电影,20160817,沪市A股,传媒
601598,中国外运,20190118,沪市A股,交通运输
601599,鹿港文化,20110527,沪市A股,传媒
601600,中国铝业,20070430,沪市A股,有色金属
601601,中国太保,20071225,沪市A股,非银金融
601606,长城军工,20180806,沪市A股,国防军工
601607,上海医药,19940324,沪市A股,医药生物
601608,中信重工,20120706,沪市A股,机械设备
601609,金田铜业,20200422,沪市A股,有色金属
601611,中国核建,20160606,沪市A股,建筑装饰
601615,明阳智能,20190123,沪市A股,电气设备
601616,广电电气,20110201,沪市A股,电气设备
601618,中国中冶,20090921,沪市A股,建筑装饰
601619,嘉泽新能,20170720,沪市A股,公用事业
601628,中国人寿,20070109,沪市A股,非银金融
601633,长城汽车,20110928,沪市A股,汽车
601636,旗滨集团,20110812,沪市A股,建筑材料
601658,邮储银行,20191210,沪市A股,银行
601666,平煤股份,20061123,沪市A股,采掘
601668,中国建筑,20090729,沪市A股,建筑装饰
601669,中国电建,20111018,沪市A股,建筑装饰
601677,明泰铝业,20110919,沪市A股,有色金属
601678,滨化股份,20100223,沪市A股,化工
601686,友发集团,20201204,沪市A股,钢铁
601688,华泰证券,20100226,沪市A股,非银金融
601689,拓普集团,20150319,沪市A股,汽车
601696,中银证券,20200226,沪市A股,非银金融
601698,中国卫通,20190628,沪市A股,国防军工
601699,潞安环能,20060922,沪市A股,采掘
601700,风范股份,20110118,沪市A股,电气设备
601702,华峰铝业,20200907,沪市A股,有色金属
601717,郑煤机,20100803,沪市A股,汽车
601718,际华集团,20100816,沪市A股,纺织服装
601727,上海电气,20081205,沪市A股,电气设备
601766,中国中车,20080818,沪市A股,机械设备
601777,*ST力帆,20101125,沪市A股,汽车
601778,晶科科技,20200519,沪市A股,公用事业
601788,光大证券,20090818,沪市A股,非银金融
601789,宁波建工,20110816,沪市A股,建筑装饰
601798,蓝科高新,20110622,沪市A股,机械设备
601799,星宇股份,20110201,沪市A股,汽车
601800,中国交建,20120309,沪市A股,建筑装饰
601801,皖新传媒,20100118,沪市A股,传媒
601808,中海油服,20070928,沪市A股,采掘
601811,新华文轩,20160808,沪市A股,传媒
601816,京沪高铁,20200116,沪市A股,交通运输
601818,光大银行,20100818,沪市A股,银行
601827,三峰环境,20200605,沪市A股,公用事业
601828,美凯龙,20180117,沪市A股,商业贸易
601838,成都银行,20180131,沪市A股,银行
601857,中国石油,20071105,沪市A股,采掘
601858,中国科传,20170118,沪市A股,传媒
601860,紫金银行,20190103,沪市A股,银行
601865,福莱特,20190215,沪市A股,建筑材料
601866,中远海发,20071212,沪市A股,交通运输
601869,长飞光纤,20180720,沪市A股,通信
601872,招商轮船,20061201,沪市A股,交通运输
601877,正泰电器,20100121,沪市A股,电气设备
601878,浙商证券,20170626,沪市A股,非银金融
601880,大连港,20101206,沪市A股,交通运输
601881,中国银河,20170123,沪市A股,非银金融
601882,海天精工,20161107,沪市A股,机械设备
601886,江河集团,20110818,沪市A股,建筑装饰
601888,中国中免,20091015,沪市A股,休闲服务
601890,亚星锚链,20101228,沪市A股,国防军工
601898,中煤能源,20080201,沪市A股,采掘
601899,紫金矿业,20080425,沪市A股,有色金属
601900,南方传媒,20160215,沪市A股,传媒
601901,方正证券,20110810,沪市A股,非银金融
601908,京运通,20110908,沪市A股,电气设备
601916,浙商银行,20191126,沪市A股,银行
601918,新集能源,20071219,沪市A股,采掘
601919,中远海控,20070626,沪市A股,交通运输
601928,凤凰传媒,20111130,沪市A股,传媒
601929,吉视传媒,20120223,沪市A股,传媒
601933,永辉超市,20101215,沪市A股,商业贸易
601939,建设银行,20070925,沪市A股,银行
601949,中国出版,20170821,沪市A股,传媒
601952,苏垦农发,20170515,沪市A股,农林牧渔
601958,金钼股份,20080417,沪市A股,有色金属
601965,中国汽研,20120611,沪市A股,汽车
601966,玲珑轮胎,20160706,沪市A股,化工
601968,宝钢包装,20150611,沪市A股,轻工制造
601969,海南矿业,20141209,沪市A股,采掘
601975,招商南油,20190108,沪市A股,交通运输
601985,中国核电,20150610,沪市A股,公用事业
601988,中国银行,20060705,沪市A股,银行
601989,中国重工,20091216,沪市A股,国防军工
601990,南京证券,20180613,沪市A股,非银金融
601991,大唐发电,20061220,沪市A股,公用事业
601992,金隅集团,20110301,沪市A股,建筑材料
601995,中金公司,20201102,沪市A股,非银金融
601996,丰林集团,20110929,沪市A股,轻工制造
601997,贵阳银行,20160816,沪市A股,银行
601998,中信银行,20070427,沪市A股,银行
601999,出版传媒,20071221,沪市A股,传媒
603000,人民网,20120427,沪市A股,传媒
603001,奥康国际,20120426,沪市A股,纺织服装
603002,宏昌电子,20120518,沪市A股,化工
603003,龙宇燃油,20120817,沪市A股,有色金属
603005,晶方科技,20140210,沪市A股,电子
603006,联明股份,20140630,沪市A股,汽车
603007,花王股份,20160826,沪市A股,建筑装饰
603008,喜临门,20120717,沪市A股,轻工制造
603009,北特科技,20140718,沪市A股,汽车
603010,万盛股份,20141010,沪市A股,化工
603011,合锻智能,20141107,沪市A股,机械设备
603012,创力集团,20150320,沪市A股,机械设备
603013,亚普股份,20180509,沪市A股,汽车
603015,弘讯科技,20150303,沪市A股,电气设备
603016,新宏泰,20160701,沪市A股,电气设备
603017,中衡设计,20141231,沪市A股,建筑装饰
603018,华设集团,20141013,沪市A股,建筑装饰
603019,中科曙光,20141106,沪市A股,计算机
603020,爱普股份,20150325,沪市A股,食品饮料
603021,山东华鹏,20150423,沪市A股,轻工制造
603022,新通联,20150518,沪市A股,轻工制造
603023,威帝股份,20150527,沪市A股,汽车
603025,大豪科技,20150422,沪市A股,电气设备
603026,石大胜华,20150529,沪市A股,化工
603027,千禾味业,20160307,沪市A股,食品饮料
603028,赛福天,20160331,沪市A股,机械设备
603029,天鹅股份,20160427,沪市A股,机械设备
603030,全筑股份,20150320,沪市A股,建筑装饰
603031,安德利,20160822,沪市A股,商业贸易
603032,德新交运,20170105,沪市A股,交通运输
603033,三维股份,20161207,沪市A股,化工
603035,常熟汽饰,20170105,沪市A股,汽车
603036,如通股份,20161209,沪市A股,机械设备
603037,凯众股份,20170120,沪市A股,汽车
603038,华立股份,20170116,沪市A股,建筑材料
603039,泛微网络,20170113,沪市A股,计算机
603040,新坐标,20170209,沪市A股,汽车
603041,美思德,20170330,沪市A股,化工
603042,华脉科技,20170602,沪市A股,通信
603043,广州酒家,20170627,沪市A股,食品饮料
603045,福达合金,20180517,沪市A股,有色金属
603050,科林电气,20170414,沪市A股,电气设备
603053,成都燃气,20191217,沪市A股,公用事业
603055,台华新材,20170921,沪市A股,纺织服装
603056,德邦股份,20180116,沪市A股,交通运输
603058,永吉股份,20161223,沪市A股,轻工制造
603059,倍加洁,20180302,沪市A股,轻工制造
603060,国检集团,20161109,沪市A股,综合
603063,禾望电气,20170728,沪市A股,电气设备
603066,音飞储存,20150611,沪市A股,交通运输
603067,振华股份,20160913,沪市A股,化工
603068,博通集成,20190415,沪市A股,电子
603069,海汽集团,20160712,沪市A股,交通运输
603076,乐惠国际,20171113,沪市A股,机械设备
603077,和邦生物,20120731,沪市A股,化工
603078,江化微,20170410,沪市A股,化工
603079,圣达生物,20170823,沪市A股,医药生物
603080,新疆火炬,20180103,沪市A股,公用事业
603081,大丰实业,20170420,沪市A股,建筑装饰
603083,剑桥科技,20171110,沪市A股,通信
603085,天成自控,20150630,沪市A股,汽车
603086,先达股份,20170511,沪市A股,化工
603087,甘李药业,20200629,沪市A股,医药生物
603088,宁波精达,20141111,沪市A股,机械设备
603089,正裕工业,20170126,沪市A股,汽车
603090,宏盛股份,20160831,沪市A股,机械设备
603093,南华期货,20190830,沪市A股,非银金融
603095,越剑智能,20200415,沪市A股,机械设备
603096,新经典,20170425,沪市A股,传媒
603098,森特股份,20161216,沪市A股,建筑装饰
603099,长白山,20140822,沪市A股,休闲服务
603100,川仪股份,20140805,沪市A股,电气设备
603101,汇嘉时代,20160506,沪市A股,商业贸易
603103,横店影视,20171012,沪市A股,传媒
603105,芯能科技,20180709,沪市A股,公用事业
603106,恒银科技,20170920,沪市A股,计算机
603108,润达医疗,20150527,沪市A股,医药生物
603109,神驰机电,20191231,沪市A股,汽车
603110,东方材料,20171013,沪市A股,化工
603111,康尼机电,20140801,沪市A股,机械设备
603112,华翔股份,20200917,沪市A股,家用电器
603113,金能科技,20170511,沪市A股,采掘
603115,海星股份,20190809,沪市A股,有色金属
603116,红蜻蜓,20150629,沪市A股,纺织服装
603117,万林物流,20150629,沪市A股,交通运输
603118,共进股份,20150225,沪市A股,通信
603121,华培动力,20190111,沪市A股,汽车
603123,翠微股份,20120503,沪市A股,商业贸易
603126,中材节能,20140731,沪市A股,公用事业
603127,昭衍新药,20170825,沪市A股,医药生物
603128,华贸物流,20120529,沪市A股,交通运输
603129,春风动力,20170818,沪市A股,汽车
603131,上海沪工,20160607,沪市A股,机械设备
603133,碳元科技,20170320,沪市A股,化工
603136,天目湖,20170927,沪市A股,休闲服务
603138,海量数据,20170306,沪市A股,计算机
603139,康惠制药,20170421,沪市A股,医药生物
603155,新亚强,20200901,沪市A股,化工
603156,养元饮品,20180212,沪市A股,食品饮料
603157,*ST拉夏,20170925,沪市A股,纺织服装
603158,腾龙股份,20150320,沪市A股,汽车
603159,上海亚虹,20160812,沪市A股,机械设备
603160,汇顶科技,20161017,沪市A股,电子
603161,科华控股,20180105,沪市A股,汽车
603165,荣晟环保,20170117,沪市A股,轻工制造
603166,福达股份,20141127,沪市A股,汽车
603167,渤海轮渡,20120906,沪市A股,交通运输
603168,莎普爱思,20140702,沪市A股,医药生物
603169,兰石重装,20141009,沪市A股,机械设备
603177,德创环保,20170207,沪市A股,公用事业
603178,圣龙股份,20170328,沪市A股,汽车
603179,新泉股份,20170317,沪市A股,汽车
603180,金牌厨柜,20170512,沪市A股,轻工制造
603181,皇马科技,20170824,沪市A股,化工
603183,建研院,20170905,沪市A股,综合
603185,上机数控,20181228,沪市A股,机械设备
603186,华正新材,20170103,沪市A股,电子
603187,海容冷链,20181129,沪市A股,机械设备
603188,ST亚邦,20140909,沪市A股,化工
603189,网达软件,20160914,沪市A股,计算机
603192,汇得科技,20180828,沪市A股,化工
603195,公牛集团,20200206,沪市A股,轻工制造
603196,日播时尚,20170531,沪市A股,纺织服装
603197,保隆科技,20170519,沪市A股,汽车
603198,迎驾贡酒,20150528,沪市A股,食品饮料
603199,九华旅游,20150326,沪市A股,休闲服务
603200,上海洗霸,20170601,沪市A股,公用事业
603203,快克股份,20161108,沪市A股,机械设备
603208,江山欧派,20170210,沪市A股,轻工制造
603212,赛伍技术,20200430,沪市A股,电气设备
603214,爱婴室,20180330,沪市A股,商业贸易
603217,元利科技,20190620,沪市A股,化工
603218,日月股份,20161228,沪市A股,电气设备
603220,中贝通信,20181115,沪市A股,通信
603221,爱丽家居,20200323,沪市A股,轻工制造
603222,济民制药,20150217,沪市A股,医药生物
603223,恒通股份,20150630,沪市A股,交通运输
603225,新凤鸣,20170418,沪市A股,化工
603226,菲林格尔,20170615,沪市A股,轻工制造
603227,雪峰科技,20150515,沪市A股,化工
603228,景旺电子,20170106,沪市A股,电子
603229,奥翔药业,20170509,沪市A股,医药生物
603232,格尔软件,20170421,沪市A股,计算机
603233,大参林,20170731,沪市A股,医药生物
603236,移远通信,20190716,沪市A股,通信
603238,诺邦股份,20170222,沪市A股,纺织服装
603239,浙江仙通,20161230,沪市A股,汽车
603256,宏和科技,20190719,沪市A股,化工
603258,电魂网络,20161026,沪市A股,传媒
603259,药明康德,20180508,沪市A股,医药生物
603260,合盛硅业,20171030,沪市A股,有色金属
603266,天龙股份,20170110,沪市A股,化工
603267,鸿远电子,20190515,沪市A股,电子
603268,松发股份,20150319,沪市A股,轻工制造
603269,海鸥股份,20170517,沪市A股,机械设备
603277,银都股份,20170911,沪市A股,机械设备
603278,大业股份,20171113,沪市A股,机械设备
603279,景津环保,20190729,沪市A股,机械设备
603283,赛腾股份,20171225,沪市A股,机械设备
603286,日盈电子,20170627,沪市A股,汽车
603288,海天味业,20140211,沪市A股,食品饮料
603289,泰瑞机器,20171031,沪市A股,机械设备
603290,斯达半导,20200204,沪市A股,电子
603297,永新光学,20180910,沪市A股,电子
603298,杭叉集团,20161227,沪市A股,机械设备
603299,苏盐井神,20151231,沪市A股,化工
603300,华铁应急,20150529,沪市A股,非银金融
603301,振德医疗,20180412,沪市A股,医药生物
603303,得邦照明,20170330,沪市A股,电子
603305,旭升股份,20170710,沪市A股,汽车
603306,华懋科技,20140926,沪市A股,汽车
603308,应流股份,20140122,沪市A股,机械设备
603309,维力医疗,20150302,沪市A股,医药生物
603311,金海高科,20150518,沪市A股,家用电器
603313,梦百合,20161013,沪市A股,轻工制造
603315,福鞍股份,20150424,沪市A股,机械设备
603316,诚邦股份,20170619,沪市A股,建筑装饰
603317,天味食品,20190416,沪市A股,食品饮料
603318,派思股份,20150424,沪市A股,机械设备
603319,湘油泵,20161130,沪市A股,汽车
603320,迪贝电气,20170502,沪市A股,电气设备
603321,梅轮电梯,20170915,沪市A股,机械设备
603322,超讯通信,20160728,沪市A股,通信
603323,苏农银行,20161129,沪市A股,银行
603326,我乐家居,20170616,沪市A股,轻工制造
603327,福蓉科技,20190523,沪市A股,电子
603328,依顿电子,20140701,沪市A股,电子
603329,上海雅仕,20171229,沪市A股,交通运输
603330,上海天洋,20170213,沪市A股,化工
603331,百达精工,20170705,沪市A股,机械设备
603332,苏州龙杰,20190117,沪市A股,化工
603333,尚纬股份,20120507,沪市A股,电气设备
603335,迪生力,20170620,沪市A股,汽车
603336,宏辉果蔬,20161124,沪市A股,农林牧渔
603337,杰克股份,20170119,沪市A股,机械设备
603338,浙江鼎力,20150325,沪市A股,机械设备
603339,四方科技,20160519,沪市A股,机械设备
603345,安井食品,20170222,沪市A股,食品饮料
603348,文灿股份,20180426,沪市A股,汽车
603351,威尔药业,20190130,沪市A股,医药生物
603353,和顺石油,20200407,沪市A股,化工
603355,莱克电气,20150513,沪市A股,家用电器
603356,华菱精工,20180124,沪市A股,机械设备
603357,设计总院,20170801,沪市A股,建筑装饰
603358,华达科技,20170125,沪市A股,汽车
603359,东珠生态,20170901,沪市A股,建筑装饰
603360,百傲化学,20170206,沪市A股,化工
603363,傲农生物,20170926,沪市A股,农林牧渔
603365,水星家纺,20171120,沪市A股,纺织服装
603366,日出东方,20120521,沪市A股,家用电器
603367,辰欣药业,20170929,沪市A股,医药生物
603368,柳药股份,20141204,沪市A股,医药生物
603369,今世缘,20140703,沪市A股,食品饮料
603377,东方时尚,20160205,沪市A股,汽车
603378,亚士创能,20170928,沪市A股,化工
603379,三美股份,20190402,沪市A股,化工
603380,易德龙,20170622,沪市A股,电子
603383,顶点软件,20170522,沪市A股,计算机
603385,惠达卫浴,20170405,沪市A股,轻工制造
603386,广东骏亚,20170912,沪市A股,电子
603387,基蛋生物,20170717,沪市A股,医药生物
603388,元成股份,20170324,沪市A股,建筑装饰
603389,*ST亚振,20161215,沪市A股,轻工制造
603390,通达电气,20191125,沪市A股,汽车
603392,万泰生物,20200429,沪市A股,医药生物
603393,新天然气,20160912,沪市A股,公用事业
603396,金辰股份,20171018,沪市A股,电气设备
603398,邦宝益智,20151209,沪市A股,轻工制造
603399,吉翔股份,20120824,沪市A股,有色金属
603408,建霖家居,20200730,沪市A股,轻工制造
603416,信捷电气,20161221,沪市A股,电气设备
603421,鼎信通讯,20161011,沪市A股,通信
603429,集友股份,20170124,沪市A股,轻工制造
603439,贵州三力,20200428,沪市A股,医药生物
603444,吉比特,20170104,沪市A股,传媒
603456,九洲药业,20141010,沪市A股,医药生物
603458,勘设股份,20170809,沪市A股,建筑装饰
603466,风语筑,20171020,沪市A股,建筑装饰
603477,巨星农牧,20171218,沪市A股,纺织服装
603486,科沃斯,20180528,沪市A股,机械设备
603488,展鹏科技,20170516,沪市A股,机械设备
603489,八方股份,20191111,沪市A股,电气设备
603496,恒为科技,20170607,沪市A股,计算机
603499,翔港科技,20171016,沪市A股,轻工制造
603500,祥和实业,20170904,沪市A股,机械设备
603501,韦尔股份,20170504,沪市A股,电子
603505,金石资源,20170503,沪市A股,采掘
603506,南都物业,20180201,沪市A股,房地产
603507,振江股份,20171106,沪市A股,电气设备
603508,思维列控,20151224,沪市A股,计算机
603515,欧普照明,20160819,沪市A股,电子
603516,淳中科技,20180202,沪市A股,计算机
603517,绝味食品,20170317,沪市A股,食品饮料
603518,锦泓集团,20141203,沪市A股,纺织服装
603519,立霸股份,20150319,沪市A股,家用电器
603520,司太立,20160309,沪市A股,医药生物
603527,众源新材,20170907,沪市A股,有色金属
603528,多伦科技,20160503,沪市A股,计算机
603530,神马电力,20190805,沪市A股,电气设备
603533,掌阅科技,20170921,沪市A股,传媒
603535,嘉诚国际,20170808,沪市A股,交通运输
603536,惠发食品,20170613,沪市A股,食品饮料
603538,美诺华,20170407,沪市A股,医药生物
603551,奥普家居,20200115,沪市A股,家用电器
603555,*ST贵人,20140124,沪市A股,纺织服装
603556,海兴电力,20161110,沪市A股,机械设备
603557,起步股份,20170818,沪市A股,纺织服装
603558,健盛集团,20150127,沪市A股,纺织服装
603559,中通国脉,20161202,沪市A股,通信
603565,中谷物流,20200925,沪市A股,交通运输
603566,普莱柯,20150518,沪市A股,农林牧渔
603567,珍宝岛,20150424,沪市A股,医药生物
603568,伟明环保,20150528,沪市A股,公用事业
603569,长久物流,20160810,沪市A股,交通运输
603577,汇金通,20161222,沪市A股,电气设备
603578,三星新材,20170306,沪市A股,家用电器
603579,荣泰健康,20170111,沪市A股,家用电器
603580,艾艾精工,20170525,沪市A股,化工
603583,捷昌驱动,20180921,沪市A股,电气设备
603585,苏利股份,20161214,沪市A股,化工
603586,金麒麟,20170406,沪市A股,汽车
603587,地素时尚,20180622,沪市A股,纺织服装
603588,高能环境,20141229,沪市A股,公用事业
603589,口子窖,20150629,沪市A股,食品饮料
603590,康辰药业,20180827,沪市A股,医药生物
603595,东尼电子,20170712,沪市A股,电子
603596,伯特利,20180427,沪市A股,汽车
603598,引力传媒,20150527,沪市A股,传媒
603599,广信股份,20150513,沪市A股,化工
603600,永艺股份,20150123,沪市A股,轻工制造
603601,再升科技,20150122,沪市A股,化工
603602,纵横通信,20170810,沪市A股,通信
603603,博天环境,20170217,沪市A股,公用事业
603605,珀莱雅,20171115,沪市A股,化工
603606,东方电缆,20141015,沪市A股,电气设备
603607,京华激光,20171025,沪市A股,轻工制造
603608,天创时尚,20160218,沪市A股,纺织服装
603609,禾丰牧业,20140808,沪市A股,农林牧渔
603610,麒盛科技,20191029,沪市A股,轻工制造
603611,诺力股份,20150128,沪市A股,机械设备
603612,索通发展,20170718,沪市A股,有色金属
603613,国联股份,20190730,沪市A股,传媒
603615,茶花股份,20170213,沪市A股,化工
603616,韩建河山,20150611,沪市A股,建筑材料
603617,君禾股份,20170703,沪市A股,机械设备
603618,杭电股份,20150217,沪市A股,电气设备
603619,中曼石油,20171117,沪市A股,采掘
603626,科森科技,20170209,沪市A股,机械设备
603628,清源股份,20170112,沪市A股,电气设备
603629,利通电子,20181224,沪市A股,电子
603630,拉芳家化,20170313,沪市A股,化工
603633,徕木股份,20161117,沪市A股,电子
603636,南威软件,20141230,沪市A股,计算机
603637,镇海股份,20170208,沪市A股,建筑装饰
603638,艾迪精密,20170120,沪市A股,机械设备
603639,海利尔,20170112,沪市A股,化工
603648,畅联股份,20170913,沪市A股,交通运输
603650,彤程新材,20180627,沪市A股,化工
603655,朗博科技,20171229,沪市A股,汽车
603656,泰禾智能,20170321,沪市A股,机械设备
603657,春光科技,20180730,沪市A股,家用电器
603658,安图生物,20160901,沪市A股,医药生物
603659,璞泰来,20171103,沪市A股,电气设备
603660,苏州科达,20161201,沪市A股,计算机
603661,恒林股份,20171121,沪市A股,轻工制造
603662,柯力传感,20190806,沪市A股,机械设备
603663,三祥新材,20160801,沪市A股,有色金属
603665,康隆达,20170313,沪市A股,纺织服装
603666,亿嘉和,20180612,沪市A股,机械设备
603667,五洲新春,20161025,沪市A股,机械设备
603668,天马科技,20170117,沪市A股,农林牧渔
603669,灵康药业,20150528,沪市A股,医药生物
603676,卫信康,20170721,沪市A股,医药生物
603677,奇精机械,20170206,沪市A股,家用电器
603678,火炬电子,20150126,沪市A股,电子
603679,华体科技,20170621,沪市A股,电子
603680,今创集团,20180227,沪市A股,机械设备
603681,永冠新材,20190326,沪市A股,化工
603682,锦和商业,20200421,沪市A股,商业贸易
603683,晶华新材,20171020,沪市A股,化工
603685,晨丰科技,20171127,沪市A股,电子
603686,龙马环卫,20150126,沪市A股,机械设备
603687,大胜达,20190726,沪市A股,轻工制造
603688,石英股份,20141031,沪市A股,有色金属
603689,皖天然气,20170110,沪市A股,公用事业
603690,至纯科技,20170113,沪市A股,机械设备
603693,江苏新能,20180703,沪市A股,公用事业
603696,安记食品,20151209,沪市A股,食品饮料
603697,有友食品,20190508,沪市A股,食品饮料
603698,航天工程,20150128,沪市A股,建筑装饰
603699,纽威股份,20140117,沪市A股,机械设备
603700,宁水集团,20190122,沪市A股,机械设备
603701,德宏股份,20160412,沪市A股,汽车
603703,盛洋科技,20150423,沪市A股,通信
603706,东方环宇,20180709,沪市A股,公用事业
603707,健友股份,20170719,沪市A股,医药生物
603708,家家悦,20161213,沪市A股,商业贸易
603709,中源家居,20180208,沪市A股,轻工制造
603711,香飘飘,20171130,沪市A股,食品饮料
603712,七一二,20180226,沪市A股,通信
603713,密尔克卫,20180713,沪市A股,交通运输
603716,塞力斯,20161031,沪市A股,医药生物
603717,天域生态,20170327,沪市A股,建筑装饰
603718,海利生物,20150515,沪市A股,农林牧渔
603719,良品铺子,20200224,沪市A股,食品饮料
603721,中广天择,20170811,沪市A股,传媒
603722,阿科力,20171025,沪市A股,化工
603725,天安新材,20170906,沪市A股,化工
603726,朗迪集团,20160421,沪市A股,家用电器
603727,博迈科,20161122,沪市A股,采掘
603728,鸣志电器,20170509,沪市A股,电气设备
603729,龙韵股份,20150324,沪市A股,传媒
603730,岱美股份,20170728,沪市A股,汽车
603733,仙鹤股份,20180420,沪市A股,轻工制造
603737,三棵树,20160603,沪市A股,化工
603738,泰晶科技,20160928,沪市A股,电子
603739,蔚蓝生物,20190116,沪市A股,农林牧渔
603755,日辰股份,20190828,沪市A股,食品饮料
603757,大元泵业,20170711,沪市A股,机械设备
603758,秦安股份,20170517,沪市A股,汽车
603766,隆鑫通用,20120810,沪市A股,汽车
603767,中马传动,20170613,沪市A股,汽车
603768,常青股份,20170324,沪市A股,汽车
603773,沃格光电,20180417,沪市A股,电子
603776,永安行,20170817,沪市A股,汽车
603777,来伊份,20161012,沪市A股,食品饮料
603778,乾景园林,20151231,沪市A股,建筑装饰
603779,ST威龙,20160516,沪市A股,食品饮料
603786,科博达,20191015,沪市A股,汽车
603787,新日股份,20170427,沪市A股,汽车
603788,宁波高发,20150120,沪市A股,汽车
603789,星光农机,20150427,沪市A股,机械设备
603790,雅运股份,20180912,沪市A股,化工
603797,联泰环保,20170413,沪市A股,公用事业
603798,康普顿,20160406,沪市A股,化工
603799,华友钴业,20150129,沪市A股,有色金属
603800,道森股份,20151210,沪市A股,机械设备
603801,志邦家居,20170630,沪市A股,轻工制造
603803,瑞斯康达,20170420,沪市A股,通信
603806,福斯特,20140905,沪市A股,电气设备
603808,歌力思,20150422,沪市A股,纺织服装
603809,豪能股份,20171128,沪市A股,汽车
603810,丰山集团,20180917,沪市A股,化工
603811,诚意药业,20170315,沪市A股,医药生物
603813,原尚股份,20170918,沪市A股,交通运输
603815,交建股份,20191021,沪市A股,建筑装饰
603816,顾家家居,20161014,沪市A股,轻工制造
603817,海峡环保,20170220,沪市A股,公用事业
603818,曲美家居,20150422,沪市A股,轻工制造
603819,神力股份,20161125,沪市A股,电气设备
603822,嘉澳环保,20160428,沪市A股,化工
603823,百合花,20161220,沪市A股,化工
603825,华扬联众,20170802,沪市A股,传媒
603826,坤彩科技,20170414,沪市A股,有色金属
603828,柯利达,20150226,沪市A股,建筑装饰
603829,洛凯股份,20171017,沪市A股,电气设备
603833,欧派家居,20170328,沪市A股,轻工制造
603838,四通股份,20150701,沪市A股,轻工制造
603839,安正时尚,20170214,沪市A股,纺织服装
603843,正平股份,20160905,沪市A股,建筑装饰
603848,好太太,20171201,沪市A股,轻工制造
603855,华荣股份,20170524,沪市A股,机械设备
603856,东宏股份,20171106,沪市A股,建筑材料
603858,步长制药,20161118,沪市A股,医药生物
603859,能科股份,20161021,沪市A股,电气设备
603860,中公高科,20170802,沪市A股,建筑装饰
603861,白云电器,20160322,沪市A股,电气设备
603863,松炀资源,20190621,沪市A股,轻工制造
603866,桃李面包,20151222,沪市A股,食品饮料
603867,新化股份,20190627,沪市A股,化工
603868,飞科电器,20160418,沪市A股,家用电器
603869,新智认知,20150326,沪市A股,计算机
603871,嘉友国际,20180206,沪市A股,交通运输
603876,鼎胜新材,20180418,沪市A股,有色金属
603877,太平鸟,20170109,沪市A股,纺织服装
603878,武进不锈,20161219,沪市A股,钢铁
603879,永悦科技,20170614,沪市A股,化工
603880,南卫股份,20170807,沪市A股,医药生物
603881,数据港,20170208,沪市A股,计算机
603882,金域医学,20170908,沪市A股,医药生物
603883,老百姓,20150423,沪市A股,医药生物
603885,吉祥航空,20150527,沪市A股,交通运输
603886,元祖股份,20161228,沪市A股,食品饮料
603887,城地香江,20161010,沪市A股,建筑装饰
603888,新华网,20161028,沪市A股,传媒
603889,新澳股份,20141231,沪市A股,纺织服装
603890,春秋电子,20171212,沪市A股,电子
603893,瑞芯微,20200207,沪市A股,电子
603895,天永智能,20180122,沪市A股,机械设备
603896,寿仙谷,20170510,沪市A股,医药生物
603897,长城科技,20180410,沪市A股,电气设备
603898,好莱客,20150217,沪市A股,轻工制造
603899,晨光文具,20150127,沪市A股,轻工制造
603900,莱绅通灵,20161123,沪市A股,商业贸易
603901,永创智能,20150529,沪市A股,机械设备
603903,中持股份,20170314,沪市A股,公用事业
603906,龙蟠科技,20170410,沪市A股,化工
603908,牧高笛,20170307,沪市A股,纺织服装
603909,合诚股份,20160628,沪市A股,建筑装饰
603912,佳力图,20171101,沪市A股,机械设备
603915,国茂股份,20190614,沪市A股,机械设备
603916,苏博特,20171110,沪市A股,化工
603917,合力科技,20171204,沪市A股,汽车
603918,金桥信息,20150528,沪市A股,计算机
603919,金徽酒,20160310,沪市A股,食品饮料
603920,世运电路,20170426,沪市A股,电子
603922,金鸿顺,20171023,沪市A股,汽车
603926,铁流股份,20170510,沪市A股,汽车
603927,中科软,20190909,沪市A股,计算机
603928,兴业股份,20161212,沪市A股,化工
603929,亚翔集成,20161230,沪市A股,建筑装饰
603931,格林达,20200819,沪市A股,电子
603933,睿能科技,20170706,沪市A股,电子
603936,博敏电子,20151209,沪市A股,电子
603937,丽岛新材,20171102,沪市A股,建筑材料
603938,三孚股份,20170628,沪市A股,化工
603939,益丰药房,20150217,沪市A股,医药生物
603948,建业股份,20200302,沪市A股,化工
603949,雪龙集团,20200310,沪市A股,化工
603950,长源东谷,20200526,沪市A股,汽车
603955,大千生态,20170310,沪市A股,建筑装饰
603956,威派格,20190222,沪市A股,机械设备
603958,哈森股份,20160629,沪市A股,纺织服装
603959,百利科技,20160517,沪市A股,建筑装饰
603960,克来机电,20170314,沪市A股,机械设备
603963,大理药业,20170922,沪市A股,医药生物
603966,法兰泰克,20170125,沪市A股,机械设备
603967,中创物流,20190429,沪市A股,交通运输
603968,醋化股份,20150518,沪市A股,化工
603969,银龙股份,20150227,沪市A股,机械设备
603970,中农立华,20171116,沪市A股,化工
603976,正川股份,20170822,沪市A股,医药生物
603977,国泰集团,20161111,沪市A股,化工
603978,深圳新星,20170807,沪市A股,有色金属
603979,金诚信,20150630,沪市A股,采掘
603980,吉华集团,20170615,沪市A股,化工
603982,泉峰汽车,20190522,沪市A股,汽车
603983,丸美股份,20190725,沪市A股,化工
603985,恒润股份,20170505,沪市A股,机械设备
603986,兆易创新,20160818,沪市A股,电子
603987,康德莱,20161121,沪市A股,医药生物
603988,中电电机,20141104,沪市A股,电气设备
603989,艾华集团,20150515,沪市A股,电子
603990,麦迪科技,20161208,沪市A股,计算机
603991,至正股份,20170308,沪市A股,化工
603992,松霖科技,20190826,沪市A股,轻工制造
603993,洛阳钼业,20121009,沪市A股,有色金属
603995,甬金股份,20191224,沪市A股,钢铁
603996,*ST中新,20151222,沪市A股,家用电器
603997,继峰股份,20150302,沪市A股,汽车
603998,方盛制药,20141205,沪市A股,医药生物
603999,读者传媒,20151210,沪市A股,传媒
605001,威奥股份,20200522,沪市A股,机械设备
605003,众望布艺,20200908,沪市A股,纺织服装
605006,山东玻纤,20200903,沪市A股,化工
605007,五洲特纸,20201110,沪市A股,轻工制造
605008,长鸿高科,20200821,沪市A股,化工
605009,豪悦护理,20200911,沪市A股,轻工制造
605018,长华股份,20200929,沪市A股,汽车
605050,福然德,20200924,沪市A股,交通运输
605058,澳弘电子,20201021,沪市A股,电子
605066,天正电气,20200807,沪市A股,电气设备
605068,明新旭腾,20201123,沪市A股,汽车
605088,冠盛股份,20200817,沪市A股,汽车
605099,共创草坪,20200930,沪市A股,轻工制造
605100,华丰股份,20200811,沪市A股,机械设备
605108,同庆楼,20200716,沪市A股,休闲服务
605111,新洁能,20200928,沪市A股,电子
605116,奥锐特,20200921,沪市A股,医药生物
605118,力鼎光电,20200730,沪市A股,电子
605123,派克新材,20200825,沪市A股,国防军工
605128,上海沿浦,20200915,沪市A股,汽车
605136,丽人丽妆,20200929,沪市A股,传媒
605158,华达新材,20200805,沪市A股,建筑材料
605166,聚合顺,20200618,沪市A股,化工
605168,三人行,20200528,沪市A股,传媒
605169,洪通燃气,20201030,沪市A股,公用事业
605177,东亚药业,20201125,沪市A股,医药生物
605178,时空科技,20200821,沪市A股,建筑装饰
605188,国光连锁,20200728,沪市A股,商业贸易
605198,德利股份,20200918,沪市A股,农林牧渔
605199,葫芦娃,20200710,沪市A股,医药生物
605218,伟时电子,20200928,沪市A股,电子
605222,起帆电缆,20200731,沪市A股,电气设备
605255,天普股份,20200825,沪市A股,汽车
605258,协和电子,20201203,沪市A股,电子
605266,健之佳,20201201,沪市A股,医药生物
605288,凯迪股份,20200601,沪市A股,电气设备
605318,法狮龙,20200803,沪市A股,建筑材料
605333,沪光股份,20200818,沪市A股,汽车
605336,帅丰电器,20201019,沪市A股,家用电器
605338,巴比食品,20201012,沪市A股,食品饮料
605358,立昂微,20200911,沪市A股,电子
605366,宏柏新材,20200812,沪市A股,化工
605369,拱东医疗,20200916,沪市A股,医药生物
605388,均瑶健康,20200818,沪市A股,食品饮料
605399,晨光新材,20200804,沪市A股,化工
